"";"cog";"Identifiant.de.document";"Reference.document";"X1.Articles.CGI";"X2.Articles.CGI";"X3.Articles.CGI";"X4.Articles.CGI";"X5.Articles.CGI";"No.disposition";"Date.mutation";"Nature.mutation";"Valeur.fonciere";"No.voie";"B.T.Q";"Type.de.voie";"Code.voie";"Voie";"Code.postal";"Commune";"Code.departement";"Code.commune";"Prefixe.de.section";"Section";"No.plan";"No.Volume";"X1er.lot";"Surface.Carrez.du.1er.lot";"X2eme.lot";"Surface.Carrez.du.2eme.lot";"X3eme.lot";"Surface.Carrez.du.3eme.lot";"X4eme.lot";"Surface.Carrez.du.4eme.lot";"X5eme.lot";"Surface.Carrez.du.5eme.lot";"Nombre.de.lots";"Code.type.local";"Type.local";"Identifiant.local";"Surface.reelle.bati";"Nombre.pieces.principales";"Nature.culture";"Nature.culture.speciale";"Surface.terrain"
"609256";"15012";NA;NA;NA;NA;NA;NA;NA;1;"20/01/2022";"Vente";50000;7099;"";"ALL";"0144";"DES DEUX MONTS";15130;"ARPAJON-SUR-CERE";"15";12;NA;"AT";95;"";"104";NA;"115";NA;"";NA;NA;NA;NA;NA;2;3;"Dépendance";NA;0;0;"";"";NA
"609257";"15012";NA;NA;NA;NA;NA;NA;NA;1;"20/01/2022";"Vente";50000;7099;"";"ALL";"0144";"DES DEUX MONTS";15130;"ARPAJON-SUR-CERE";"15";12;NA;"AT";95;"";"104";NA;"115";NA;"";NA;NA;NA;NA;NA;2;3;"Dépendance";NA;0;0;"";"";NA
"609258";"15012";NA;NA;NA;NA;NA;NA;NA;1;"20/01/2022";"Vente";50000;7099;"";"ALL";"0144";"DES DEUX MONTS";15130;"ARPAJON-SUR-CERE";"15";12;NA;"AT";95;"";"27";NA;"";NA;"";NA;NA;NA;NA;NA;1;2;"Appartement";NA;36;2;"";"";NA
"609382";"15012";NA;NA;NA;NA;NA;NA;NA;2;"12/01/2022";"Vente";371;NA;"";"";"B217";"LIMAGNE GRANDE";15130;"ARPAJON-SUR-CERE";"15";12;NA;"AB";145;"";"";NA;"";NA;"";NA;NA;NA;NA;NA;0;NA;"";NA;NA;NA;"PA";"";53
"609397";"15012";NA;NA;NA;NA;NA;NA;NA;1;"06/01/2022";"Vente";119000;2;"";"RUE";"0380";"DU MONT MOUCHET";15130;"ARPAJON-SUR-CERE";"15";12;NA;"AD";321;"";"10";111,91;"";NA;"";NA;NA;NA;NA;NA;1;3;"Dépendance";NA;0;0;"";"";NA
"609398";"15012";NA;NA;NA;NA;NA;NA;NA;1;"06/01/2022";"Vente";119000;18;"";"RUE";"0500";"DE LA SABLIERE";15130;"ARPAJON-SUR-CERE";"15";12;NA;"AD";321;"";"15";112;"16";NA;"";NA;NA;NA;NA;NA;2;2;"Appartement";NA;110;3;"";"";NA
"609437";"15012";NA;NA;NA;NA;NA;NA;NA;1;"01/02/2022";"Vente";210300;6;"";"CITE";"A070";"SOPHIE BERTHELOT";15130;"ARPAJON-SUR-CERE";"15";12;NA;"AM";183;"";"";NA;"";NA;"";NA;NA;NA;NA;NA;0;1;"Maison";NA;160;5;"S";"";727
"609438";"15012";NA;NA;NA;NA;NA;NA;NA;1;"01/02/2022";"Vente";210300;NA;"";"LOT";"A013";"BONAFE";15130;"ARPAJON-SUR-CERE";"15";12;NA;"AM";186;"";"";NA;"";NA;"";NA;NA;NA;NA;NA;0;NA;"";NA;NA;NA;"AB";"RUE";894
"609464";"15012";NA;NA;NA;NA;NA;NA;NA;1;"19/01/2022";"Vente";50000;30;"A";"AV";"0240";"DU GENERAL MILHAUD";15130;"ARPAJON-SUR-CERE";"15";12;NA;"AD";233;"";"64";NA;"";NA;"";NA;NA;NA;NA;NA;1;3;"Dépendance";NA;0;0;"";"";NA
"609465";"15012";NA;NA;NA;NA;NA;NA;NA;1;"19/01/2022";"Vente";50000;28;"";"AV";"0240";"DU GENERAL MILHAUD";15130;"ARPAJON-SUR-CERE";"15";12;NA;"AD";233;"";"15";NA;"45";24,08;"";NA;NA;NA;NA;NA;2;3;"Dépendance";NA;0;0;"";"";NA
"609466";"15012";NA;NA;NA;NA;NA;NA;NA;1;"19/01/2022";"Vente";50000;28;"";"AV";"0240";"DU GENERAL MILHAUD";15130;"ARPAJON-SUR-CERE";"15";12;NA;"AD";233;"";"15";NA;"45";24,08;"";NA;NA;NA;NA;NA;2;2;"Appartement";NA;24;1;"";"";NA
"609979";"15012";NA;NA;NA;NA;NA;NA;NA;1;"19/01/2022";"Vente";261250;15;"";"";"B003";"LES AYGADES";15130;"ARPAJON-SUR-CERE";"15";12;NA;"BA";80;"";"";NA;"";NA;"";NA;NA;NA;NA;NA;0;1;"Maison";NA;170;4;"J";"";660
"609980";"15012";NA;NA;NA;NA;NA;NA;NA;1;"19/01/2022";"Vente";261250;15;"";"";"B003";"LES AYGADES";15130;"ARPAJON-SUR-CERE";"15";12;NA;"BA";80;"";"";NA;"";NA;"";NA;NA;NA;NA;NA;0;1;"Maison";NA;170;4;"S";"";488
"609981";"15012";NA;NA;NA;NA;NA;NA;NA;1;"19/01/2022";"Vente";261250;NA;"";"";"B003";"LES AYGADES";15130;"ARPAJON-SUR-CERE";"15";12;NA;"BA";157;"";"";NA;"";NA;"";NA;NA;NA;NA;NA;0;NA;"";NA;NA;NA;"S";"";93
"609982";"15012";NA;NA;NA;NA;NA;NA;NA;1;"19/01/2022";"Vente";261250;NA;"";"";"B003";"LES AYGADES";15130;"ARPAJON-SUR-CERE";"15";12;NA;"BA";157;"";"";NA;"";NA;"";NA;NA;NA;NA;NA;0;NA;"";NA;NA;NA;"AG";"";260
"609985";"15012";NA;NA;NA;NA;NA;NA;NA;1;"13/01/2022";"Vente";60000;NA;"";"";"B385";"LE VERT SUD";15130;"ARPAJON-SUR-CERE";"15";12;NA;"BH";73;"";"";NA;"";NA;"";NA;NA;NA;NA;NA;0;NA;"";NA;NA;NA;"AB";"";1616
"609986";"15012";NA;NA;NA;NA;NA;NA;NA;2;"13/01/2022";"Vente";897,6;NA;"";"";"B385";"LE VERT SUD";15130;"ARPAJON-SUR-CERE";"15";12;NA;"BH";85;"";"";NA;"";NA;"";NA;NA;NA;NA;NA;0;NA;"";NA;NA;NA;"J";"";102
"610028";"15012";NA;NA;NA;NA;NA;NA;NA;1;"04/02/2022";"Vente";42000;7098;"";"ALL";"0144";"DES DEUX MONTS";15130;"ARPAJON-SUR-CERE";"15";12;NA;"AT";95;"";"18";33,6;"";NA;"";NA;NA;NA;NA;NA;1;2;"Appartement";NA;35;2;"";"";NA
"610029";"15012";NA;NA;NA;NA;NA;NA;NA;1;"04/02/2022";"Vente";42000;7098;"";"ALL";"0144";"DES DEUX MONTS";15130;"ARPAJON-SUR-CERE";"15";12;NA;"AT";95;"";"81";NA;"87";NA;"";NA;NA;NA;NA;NA;2;3;"Dépendance";NA;0;0;"";"";NA
"610030";"15012";NA;NA;NA;NA;NA;NA;NA;1;"04/02/2022";"Vente";42000;7098;"";"ALL";"0144";"DES DEUX MONTS";15130;"ARPAJON-SUR-CERE";"15";12;NA;"AT";95;"";"81";NA;"87";NA;"";NA;NA;NA;NA;NA;2;3;"Dépendance";NA;0;0;"";"";NA
"610192";"15012";NA;NA;NA;NA;NA;NA;NA;1;"28/01/2022";"Vente";34000;10;"";"RUE";"0336";"LEO FERRE";15130;"ARPAJON-SUR-CERE";"15";12;NA;"BI";293;"";"";NA;"";NA;"";NA;NA;NA;NA;NA;0;NA;"";NA;NA;NA;"AB";"";732
"610296";"15012";NA;NA;NA;NA;NA;NA;NA;1;"31/01/2022";"Vente";226100;1;"";"RTE";"0212";"D ESMOLES";15130;"ARPAJON-SUR-CERE";"15";12;NA;"AL";52;"";"";NA;"";NA;"";NA;NA;NA;NA;NA;0;1;"Maison";NA;115;4;"S";"";720
"610297";"15012";NA;NA;NA;NA;NA;NA;NA;1;"31/01/2022";"Vente";226100;1;"";"RTE";"0212";"D ESMOLES";15130;"ARPAJON-SUR-CERE";"15";12;NA;"AL";52;"";"";NA;"";NA;"";NA;NA;NA;NA;NA;0;3;"Dépendance";NA;0;0;"S";"";720
"610302";"15012";NA;NA;NA;NA;NA;NA;NA;1;"11/02/2022";"Vente";76000;7099;"";"ALL";"0144";"DES DEUX MONTS";15130;"ARPAJON-SUR-CERE";"15";12;NA;"AT";95;"";"110";NA;"97";NA;"";NA;NA;NA;NA;NA;2;3;"Dépendance";NA;0;0;"";"";NA
"610303";"15012";NA;NA;NA;NA;NA;NA;NA;1;"11/02/2022";"Vente";76000;7099;"";"ALL";"0144";"DES DEUX MONTS";15130;"ARPAJON-SUR-CERE";"15";12;NA;"AT";95;"";"32";54,52;"";NA;"";NA;NA;NA;NA;NA;1;2;"Appartement";NA;54;3;"";"";NA
"610304";"15012";NA;NA;NA;NA;NA;NA;NA;1;"11/02/2022";"Vente";76000;7099;"";"ALL";"0144";"DES DEUX MONTS";15130;"ARPAJON-SUR-CERE";"15";12;NA;"AT";95;"";"110";NA;"97";NA;"";NA;NA;NA;NA;NA;2;3;"Dépendance";NA;0;0;"";"";NA
"610455";"15012";NA;NA;NA;NA;NA;NA;NA;1;"04/02/2022";"Vente";80000;10;"";"PL";"0480";"DE LA REPUBLIQUE";15130;"ARPAJON-SUR-CERE";"15";12;NA;"AD";527;"";"4014";NA;"";NA;"";NA;NA;NA;NA;NA;1;3;"Dépendance";NA;0;0;"";"";NA
"610456";"15012";NA;NA;NA;NA;NA;NA;NA;1;"04/02/2022";"Vente";80000;10;"";"PL";"0480";"DE LA REPUBLIQUE";15130;"ARPAJON-SUR-CERE";"15";12;NA;"AD";527;"";"2007";NA;"2012";37,45;"";NA;NA;NA;NA;NA;2;2;"Appartement";NA;37;2;"";"";NA
"610457";"15012";NA;NA;NA;NA;NA;NA;NA;1;"04/02/2022";"Vente";80000;10;"";"PL";"0480";"DE LA REPUBLIQUE";15130;"ARPAJON-SUR-CERE";"15";12;NA;"AD";527;"";"2007";NA;"2012";37,45;"";NA;NA;NA;NA;NA;2;3;"Dépendance";NA;0;0;"";"";NA
"610632";"15012";NA;NA;NA;NA;NA;NA;NA;1;"12/02/2022";"Vente";219400;10;"";"SQ";"0530";"RICHARD WAGNER";15130;"ARPAJON-SUR-CERE";"15";12;NA;"AN";107;"";"";NA;"";NA;"";NA;NA;NA;NA;NA;0;1;"Maison";NA;88;4;"S";"";713
"610640";"15012";NA;NA;NA;NA;NA;NA;NA;1;"01/03/2022";"Vente";261250;1235;"";"ALL";"0124";"DE CONROS";15130;"ARPAJON-SUR-CERE";"15";12;NA;"AX";61;"";"";NA;"";NA;"";NA;NA;NA;NA;NA;0;1;"Maison";NA;89;5;"S";"";1004
"610641";"15012";NA;NA;NA;NA;NA;NA;NA;1;"01/03/2022";"Vente";261250;NA;"";"";"B163";"LE GARRIC";15130;"ARPAJON-SUR-CERE";"15";12;NA;"AX";62;"";"";NA;"";NA;"";NA;NA;NA;NA;NA;0;NA;"";NA;NA;NA;"S";"";288
"610643";"15012";NA;NA;NA;NA;NA;NA;NA;1;"12/02/2022";"Vente";30000;NA;"";"LOT";"A035";"PUECH";15130;"ARPAJON-SUR-CERE";"15";12;NA;"E";605;"";"";NA;"";NA;"";NA;NA;NA;NA;NA;0;NA;"";NA;NA;NA;"AB";"";785
"610645";"15012";NA;NA;NA;NA;NA;NA;NA;1;"01/03/2022";"Vente";111200;25;"";"AV";"0300";"JEAN JAURES";15130;"ARPAJON-SUR-CERE";"15";12;NA;"AD";403;"";"14";NA;"2";72,55;"";NA;NA;NA;NA;NA;2;2;"Appartement";NA;70;4;"";"";NA
"610646";"15012";NA;NA;NA;NA;NA;NA;NA;1;"01/03/2022";"Vente";111200;25;"";"AV";"0300";"JEAN JAURES";15130;"ARPAJON-SUR-CERE";"15";12;NA;"AD";403;"";"14";NA;"2";72,55;"";NA;NA;NA;NA;NA;2;3;"Dépendance";NA;0;0;"";"";NA
"610647";"15012";NA;NA;NA;NA;NA;NA;NA;1;"01/03/2022";"Vente";111200;25;"";"AV";"0300";"JEAN JAURES";15130;"ARPAJON-SUR-CERE";"15";12;NA;"AD";403;"";"26";NA;"";NA;"";NA;NA;NA;NA;NA;1;3;"Dépendance";NA;0;0;"";"";NA
"610746";"15012";NA;NA;NA;NA;NA;NA;NA;1;"18/02/2022";"Vente";49150;NA;"";"";"B301";"PRES DU PLANESTIOU";15130;"ARPAJON-SUR-CERE";"15";12;NA;"B";185;"";"";NA;"";NA;"";NA;NA;NA;NA;NA;0;NA;"";NA;NA;NA;"P";"";19900
"611053";"15012";NA;NA;NA;NA;NA;NA;NA;1;"23/02/2022";"Vente en l'état futur d'achèvement";130500;NA;"";"AV";"0240";"DU GENERAL MILHAUD";15130;"ARPAJON-SUR-CERE";"15";12;NA;"AD";569;"";"12";NA;"";NA;"";NA;NA;NA;NA;NA;1;NA;"";NA;NA;NA;"";"";NA
"611054";"15012";NA;NA;NA;NA;NA;NA;NA;1;"23/02/2022";"Vente en l'état futur d'achèvement";130500;NA;"";"AV";"0240";"DU GENERAL MILHAUD";15130;"ARPAJON-SUR-CERE";"15";12;NA;"AD";569;"";"36";NA;"";NA;"";NA;NA;NA;NA;NA;1;NA;"";NA;NA;NA;"";"";NA
"611055";"15012";NA;NA;NA;NA;NA;NA;NA;1;"23/02/2022";"Vente en l'état futur d'achèvement";260000;NA;"";"AV";"0240";"DU GENERAL MILHAUD";15130;"ARPAJON-SUR-CERE";"15";12;NA;"AD";569;"";"34";NA;"";NA;"";NA;NA;NA;NA;NA;1;NA;"";NA;NA;NA;"";"";NA
"611056";"15012";NA;NA;NA;NA;NA;NA;NA;1;"23/02/2022";"Vente en l'état futur d'achèvement";260000;NA;"";"AV";"0240";"DU GENERAL MILHAUD";15130;"ARPAJON-SUR-CERE";"15";12;NA;"AD";569;"";"11";NA;"";NA;"";NA;NA;NA;NA;NA;1;NA;"";NA;NA;NA;"";"";NA
"611059";"15012";NA;NA;NA;NA;NA;NA;NA;1;"23/02/2022";"Vente en l'état futur d'achèvement";195000;NA;"";"AV";"0240";"DU GENERAL MILHAUD";15130;"ARPAJON-SUR-CERE";"15";12;NA;"AD";569;"";"14";NA;"";NA;"";NA;NA;NA;NA;NA;1;NA;"";NA;NA;NA;"";"";NA
"611060";"15012";NA;NA;NA;NA;NA;NA;NA;1;"23/02/2022";"Vente en l'état futur d'achèvement";195000;NA;"";"AV";"0240";"DU GENERAL MILHAUD";15130;"ARPAJON-SUR-CERE";"15";12;NA;"AD";569;"";"38";NA;"";NA;"";NA;NA;NA;NA;NA;1;NA;"";NA;NA;NA;"";"";NA
"611155";"15012";NA;NA;NA;NA;NA;NA;NA;1;"07/03/2022";"Vente";1;NA;"";"LOT";"A060";"DOMAINE DES COURCIERES";15130;"ARPAJON-SUR-CERE";"15";12;NA;"AN";204;"";"";NA;"";NA;"";NA;NA;NA;NA;NA;0;NA;"";NA;NA;NA;"S";"";125
"611361";"15012";NA;NA;NA;NA;NA;NA;NA;1;"19/02/2022";"Vente";220000;110;"";"CHE";"0290";"D'IMMARION";15130;"ARPAJON-SUR-CERE";"15";12;NA;"AW";301;"";"";NA;"";NA;"";NA;NA;NA;NA;NA;0;1;"Maison";NA;90;4;"S";"";829
"611447";"15012";NA;NA;NA;NA;NA;NA;NA;1;"11/03/2022";"Vente en l'état futur d'achèvement";515200;NA;"";"AV";"0240";"DU GENERAL MILHAUD";15130;"ARPAJON-SUR-CERE";"15";12;NA;"AD";569;"";"35";NA;"";NA;"";NA;NA;NA;NA;NA;1;NA;"";NA;NA;NA;"";"";NA
"611448";"15012";NA;NA;NA;NA;NA;NA;NA;1;"11/03/2022";"Vente en l'état futur d'achèvement";266000;NA;"";"AV";"0240";"DU GENERAL MILHAUD";15130;"ARPAJON-SUR-CERE";"15";12;NA;"AD";569;"";"25";NA;"";NA;"";NA;NA;NA;NA;NA;1;NA;"";NA;NA;NA;"";"";NA
"611495";"15012";NA;NA;NA;NA;NA;NA;NA;1;"09/03/2022";"Vente";1e+05;NA;"";"RUE";"0120";"DE CONQUES";15130;"ARPAJON-SUR-CERE";"15";12;NA;"AH";199;"";"";NA;"";NA;"";NA;NA;NA;NA;NA;0;NA;"";NA;NA;NA;"AG";"";295
"611496";"15012";NA;NA;NA;NA;NA;NA;NA;1;"09/03/2022";"Vente";1e+05;39;"";"AV";"0220";"DU GENERAL LECLERC";15130;"ARPAJON-SUR-CERE";"15";12;NA;"AH";206;"";"";NA;"";NA;"";NA;NA;NA;NA;NA;0;2;"Appartement";NA;23;2;"S";"";313
"611497";"15012";NA;NA;NA;NA;NA;NA;NA;1;"09/03/2022";"Vente";1e+05;39;"";"AV";"0220";"DU GENERAL LECLERC";15130;"ARPAJON-SUR-CERE";"15";12;NA;"AH";206;"";"";NA;"";NA;"";NA;NA;NA;NA;NA;0;4;"Local industriel. commercial ou assimilé";NA;212;0;"S";"";313
"611498";"15012";NA;NA;NA;NA;NA;NA;NA;1;"09/03/2022";"Vente";1e+05;39;"";"AV";"0220";"DU GENERAL LECLERC";15130;"ARPAJON-SUR-CERE";"15";12;NA;"AH";206;"";"";NA;"";NA;"";NA;NA;NA;NA;NA;0;4;"Local industriel. commercial ou assimilé";NA;260;0;"S";"";313
"611500";"15012";NA;NA;NA;NA;NA;NA;NA;1;"16/03/2022";"Vente en l'état futur d'achèvement";198000;NA;"";"AV";"0240";"DU GENERAL MILHAUD";15130;"ARPAJON-SUR-CERE";"15";12;NA;"AD";569;"";"16";NA;"";NA;"";NA;NA;NA;NA;NA;1;NA;"";NA;NA;NA;"";"";NA
"611501";"15012";NA;NA;NA;NA;NA;NA;NA;1;"16/03/2022";"Vente en l'état futur d'achèvement";198000;NA;"";"AV";"0240";"DU GENERAL MILHAUD";15130;"ARPAJON-SUR-CERE";"15";12;NA;"AD";569;"";"40";NA;"";NA;"";NA;NA;NA;NA;NA;1;NA;"";NA;NA;NA;"";"";NA
"611502";"15012";NA;NA;NA;NA;NA;NA;NA;1;"16/03/2022";"Vente en l'état futur d'achèvement";226819,56;NA;"";"AV";"0240";"DU GENERAL MILHAUD";15130;"ARPAJON-SUR-CERE";"15";12;NA;"AD";569;"";"39";NA;"";NA;"";NA;NA;NA;NA;NA;1;NA;"";NA;NA;NA;"";"";NA
"611503";"15012";NA;NA;NA;NA;NA;NA;NA;1;"16/03/2022";"Vente en l'état futur d'achèvement";226819,56;NA;"";"AV";"0240";"DU GENERAL MILHAUD";15130;"ARPAJON-SUR-CERE";"15";12;NA;"AD";569;"";"15";NA;"";NA;"";NA;NA;NA;NA;NA;1;NA;"";NA;NA;NA;"";"";NA
"611549";"15012";NA;NA;NA;NA;NA;NA;NA;1;"17/03/2022";"Vente";58000;8;"";"RUE";"0440";"DU PUY DE VAURS";15130;"ARPAJON-SUR-CERE";"15";12;NA;"AD";402;"";"13";37;"27";NA;"";NA;NA;NA;NA;NA;2;2;"Appartement";NA;33;1;"";"";NA
"611550";"15012";NA;NA;NA;NA;NA;NA;NA;1;"17/03/2022";"Vente";58000;8;"";"RUE";"0440";"DU PUY DE VAURS";15130;"ARPAJON-SUR-CERE";"15";12;NA;"AD";402;"";"13";37;"27";NA;"";NA;NA;NA;NA;NA;2;3;"Dépendance";NA;0;0;"";"";NA
"611551";"15012";NA;NA;NA;NA;NA;NA;NA;1;"17/03/2022";"Vente";58000;10;"";"RUE";"0440";"DU PUY DE VAURS";15130;"ARPAJON-SUR-CERE";"15";12;NA;"AD";402;"";"51";NA;"";NA;"";NA;NA;NA;NA;NA;1;3;"Dépendance";NA;0;0;"";"";NA
"611611";"15012";NA;NA;NA;NA;NA;NA;NA;3;"15/03/2022";"Echange";47620;NA;"";"";"B101";"CHAMPS DES ROUETS";15130;"ARPAJON-SUR-CERE";"15";12;NA;"AP";318;"";"";NA;"";NA;"";NA;NA;NA;NA;NA;0;NA;"";NA;NA;NA;"P";"";450
"611612";"15012";NA;NA;NA;NA;NA;NA;NA;3;"15/03/2022";"Echange";47620;NA;"";"";"B101";"CHAMPS DES ROUETS";15130;"ARPAJON-SUR-CERE";"15";12;NA;"AP";319;"";"";NA;"";NA;"";NA;NA;NA;NA;NA;0;NA;"";NA;NA;NA;"P";"";210
"611613";"15012";NA;NA;NA;NA;NA;NA;NA;3;"15/03/2022";"Echange";47620;NA;"";"";"B101";"CHAMPS DES ROUETS";15130;"ARPAJON-SUR-CERE";"15";12;NA;"AP";320;"";"";NA;"";NA;"";NA;NA;NA;NA;NA;0;NA;"";NA;NA;NA;"P";"";2
"611614";"15012";NA;NA;NA;NA;NA;NA;NA;3;"15/03/2022";"Echange";47620;NA;"";"";"B101";"CHAMPS DES ROUETS";15130;"ARPAJON-SUR-CERE";"15";12;NA;"AP";321;"";"";NA;"";NA;"";NA;NA;NA;NA;NA;0;NA;"";NA;NA;NA;"P";"";16
"611615";"15012";NA;NA;NA;NA;NA;NA;NA;3;"15/03/2022";"Echange";47620;NA;"";"";"B101";"CHAMPS DES ROUETS";15130;"ARPAJON-SUR-CERE";"15";12;NA;"AP";322;"";"";NA;"";NA;"";NA;NA;NA;NA;NA;0;NA;"";NA;NA;NA;"P";"";188
"611616";"15012";NA;NA;NA;NA;NA;NA;NA;4;"15/03/2022";"Echange";31120;NA;"";"";"B101";"CHAMPS DES ROUETS";15130;"ARPAJON-SUR-CERE";"15";12;NA;"AP";314;"";"";NA;"";NA;"";NA;NA;NA;NA;NA;0;NA;"";NA;NA;NA;"P";"";98
"611617";"15012";NA;NA;NA;NA;NA;NA;NA;4;"15/03/2022";"Echange";31120;NA;"";"";"B101";"CHAMPS DES ROUETS";15130;"ARPAJON-SUR-CERE";"15";12;NA;"AP";315;"";"";NA;"";NA;"";NA;NA;NA;NA;NA;0;NA;"";NA;NA;NA;"P";"";86
"611618";"15012";NA;NA;NA;NA;NA;NA;NA;4;"15/03/2022";"Echange";31120;NA;"";"";"B101";"CHAMPS DES ROUETS";15130;"ARPAJON-SUR-CERE";"15";12;NA;"AP";342;"";"";NA;"";NA;"";NA;NA;NA;NA;NA;0;NA;"";NA;NA;NA;"P";"";113
"611619";"15012";NA;NA;NA;NA;NA;NA;NA;4;"15/03/2022";"Echange";31120;NA;"";"";"B101";"CHAMPS DES ROUETS";15130;"ARPAJON-SUR-CERE";"15";12;NA;"AP";343;"";"";NA;"";NA;"";NA;NA;NA;NA;NA;0;NA;"";NA;NA;NA;"P";"";92
"611653";"15012";NA;NA;NA;NA;NA;NA;NA;1;"12/03/2022";"Vente";160000;21;"";"CHE";"0250";"DES GRANGES";15130;"ARPAJON-SUR-CERE";"15";12;NA;"BI";341;"";"";NA;"";NA;"";NA;NA;NA;NA;NA;0;3;"Dépendance";NA;0;0;"S";"";543
"611654";"15012";NA;NA;NA;NA;NA;NA;NA;1;"12/03/2022";"Vente";160000;21;"";"CHE";"0250";"DES GRANGES";15130;"ARPAJON-SUR-CERE";"15";12;NA;"BI";341;"";"";NA;"";NA;"";NA;NA;NA;NA;NA;0;1;"Maison";NA;95;4;"S";"";543
"611664";"15012";NA;NA;NA;NA;NA;NA;NA;1;"18/03/2022";"Vente";36550;NA;"";"";"B051";"LE BOURG";15130;"ARPAJON-SUR-CERE";"15";12;NA;"AE";124;"";"";NA;"";NA;"";NA;NA;NA;NA;NA;0;NA;"";NA;NA;NA;"S";"";190
"611665";"15012";NA;NA;NA;NA;NA;NA;NA;1;"18/03/2022";"Vente";36550;33;"";"RUE";"0160";"FELIX RAMOND";15130;"ARPAJON-SUR-CERE";"15";12;NA;"AE";125;"";"";NA;"";NA;"";NA;NA;NA;NA;NA;0;1;"Maison";NA;75;4;"S";"";91
"611666";"15012";NA;NA;NA;NA;NA;NA;NA;1;"18/03/2022";"Vente";36550;NA;"";"";"B051";"LE BOURG";15130;"ARPAJON-SUR-CERE";"15";12;NA;"AE";139;"";"";NA;"";NA;"";NA;NA;NA;NA;NA;0;NA;"";NA;NA;NA;"J";"";98
"611667";"15012";NA;NA;NA;NA;NA;NA;NA;1;"18/03/2022";"Vente";36550;NA;"";"";"B051";"LE BOURG";15130;"ARPAJON-SUR-CERE";"15";12;NA;"AE";216;"";"";NA;"";NA;"";NA;NA;NA;NA;NA;0;NA;"";NA;NA;NA;"S";"";9
"611680";"15012";NA;NA;NA;NA;NA;NA;NA;1;"15/03/2022";"Vente";3000;NA;"";"";"B258";"LES PLACES";15130;"ARPAJON-SUR-CERE";"15";12;NA;"L";303;"";"";NA;"";NA;"";NA;NA;NA;NA;NA;0;NA;"";NA;NA;NA;"BF";"CHENE";19200
"611681";"15012";NA;NA;NA;NA;NA;NA;NA;1;"15/03/2022";"Vente";3000;NA;"";"";"B364";"LES VIALLES";15130;"ARPAJON-SUR-CERE";"15";12;NA;"L";430;"";"";NA;"";NA;"";NA;NA;NA;NA;NA;0;NA;"";NA;NA;NA;"BT";"";500
"611699";"15012";NA;NA;NA;NA;NA;NA;NA;1;"16/03/2022";"Vente en l'état futur d'achèvement";277830;NA;"";"AV";"0240";"DU GENERAL MILHAUD";15130;"ARPAJON-SUR-CERE";"15";12;NA;"AD";569;"";"26";NA;"";NA;"";NA;NA;NA;NA;NA;1;NA;"";NA;NA;NA;"";"";NA
"611784";"15012";NA;NA;NA;NA;NA;NA;NA;1;"15/03/2022";"Vente";80000;NA;"";"";"B101";"CHAMPS DES ROUETS";15130;"ARPAJON-SUR-CERE";"15";12;NA;"AP";328;"";"";NA;"";NA;"";NA;NA;NA;NA;NA;0;NA;"";NA;NA;NA;"P";"";499
"611785";"15012";NA;NA;NA;NA;NA;NA;NA;1;"15/03/2022";"Vente";80000;NA;"";"";"B101";"CHAMPS DES ROUETS";15130;"ARPAJON-SUR-CERE";"15";12;NA;"AP";329;"";"";NA;"";NA;"";NA;NA;NA;NA;NA;0;NA;"";NA;NA;NA;"P";"";501
"611786";"15012";NA;NA;NA;NA;NA;NA;NA;1;"18/03/2022";"Vente";57280;NA;"";"";"B101";"CHAMPS DES ROUETS";15130;"ARPAJON-SUR-CERE";"15";12;NA;"AP";337;"";"";NA;"";NA;"";NA;NA;NA;NA;NA;0;NA;"";NA;NA;NA;"P";"";716
"611942";"15012";NA;NA;NA;NA;NA;NA;NA;1;"23/03/2022";"Vente";89000;7098;"";"ALL";"0144";"DES DEUX MONTS";15130;"ARPAJON-SUR-CERE";"15";12;NA;"AT";95;"";"71";NA;"92";NA;"";NA;NA;NA;NA;NA;2;3;"Dépendance";NA;0;0;"";"";NA
"611943";"15012";NA;NA;NA;NA;NA;NA;NA;1;"23/03/2022";"Vente";89000;7098;"";"ALL";"0144";"DES DEUX MONTS";15130;"ARPAJON-SUR-CERE";"15";12;NA;"AT";95;"";"23";54,58;"";NA;"";NA;NA;NA;NA;NA;1;2;"Appartement";NA;54;3;"";"";NA
"611944";"15012";NA;NA;NA;NA;NA;NA;NA;1;"23/03/2022";"Vente";89000;7098;"";"ALL";"0144";"DES DEUX MONTS";15130;"ARPAJON-SUR-CERE";"15";12;NA;"AT";95;"";"71";NA;"92";NA;"";NA;NA;NA;NA;NA;2;3;"Dépendance";NA;0;0;"";"";NA
"611994";"15012";NA;NA;NA;NA;NA;NA;NA;1;"15/03/2022";"Vente";135000;15;"";"RUE";"0438";"DES PRADELS";15130;"ARPAJON-SUR-CERE";"15";12;NA;"AT";51;"";"";NA;"";NA;"";NA;NA;NA;NA;NA;0;1;"Maison";NA;91;5;"S";"";318
"612298";"15012";NA;NA;NA;NA;NA;NA;NA;1;"24/03/2022";"Vente en l'état futur d'achèvement";212000;NA;"";"AV";"0240";"DU GENERAL MILHAUD";15130;"ARPAJON-SUR-CERE";"15";12;NA;"AD";569;"";"31";NA;"";NA;"";NA;NA;NA;NA;NA;1;NA;"";NA;NA;NA;"";"";NA
"612299";"15012";NA;NA;NA;NA;NA;NA;NA;1;"24/03/2022";"Vente en l'état futur d'achèvement";212000;NA;"";"AV";"0240";"DU GENERAL MILHAUD";15130;"ARPAJON-SUR-CERE";"15";12;NA;"AD";569;"";"8";NA;"";NA;"";NA;NA;NA;NA;NA;1;NA;"";NA;NA;NA;"";"";NA
"612306";"15012";NA;NA;NA;NA;NA;NA;NA;1;"19/03/2022";"Vente";315000;6;"";"LOT";"A020";"HENRI MATISSE (AV GEN.LECL";15130;"ARPAJON-SUR-CERE";"15";12;NA;"AH";252;"";"";NA;"";NA;"";NA;NA;NA;NA;NA;0;1;"Maison";NA;159;6;"S";"";803
"612395";"15012";NA;NA;NA;NA;NA;NA;NA;1;"30/03/2022";"Vente";152174;26;"";"RUE";"0500";"DE LA SABLIERE";15130;"ARPAJON-SUR-CERE";"15";12;NA;"AD";25;"";"";NA;"";NA;"";NA;NA;NA;NA;NA;0;2;"Appartement";NA;65;4;"S";"";950
"612396";"15012";NA;NA;NA;NA;NA;NA;NA;1;"30/03/2022";"Vente";152174;26;"";"RUE";"0500";"DE LA SABLIERE";15130;"ARPAJON-SUR-CERE";"15";12;NA;"AD";25;"";"";NA;"";NA;"";NA;NA;NA;NA;NA;0;3;"Dépendance";NA;0;0;"S";"";950
"612397";"15012";NA;NA;NA;NA;NA;NA;NA;1;"30/03/2022";"Vente";152174;26;"";"RUE";"0500";"DE LA SABLIERE";15130;"ARPAJON-SUR-CERE";"15";12;NA;"AD";25;"";"";NA;"";NA;"";NA;NA;NA;NA;NA;0;2;"Appartement";NA;70;4;"S";"";950
"612398";"15012";NA;NA;NA;NA;NA;NA;NA;1;"30/03/2022";"Vente";152174;26;"";"RUE";"0500";"DE LA SABLIERE";15130;"ARPAJON-SUR-CERE";"15";12;NA;"AD";25;"";"";NA;"";NA;"";NA;NA;NA;NA;NA;0;3;"Dépendance";NA;0;0;"S";"";950
"612399";"15012";NA;NA;NA;NA;NA;NA;NA;1;"30/03/2022";"Vente";152174;26;"";"RUE";"0500";"DE LA SABLIERE";15130;"ARPAJON-SUR-CERE";"15";12;NA;"AD";25;"";"";NA;"";NA;"";NA;NA;NA;NA;NA;0;3;"Dépendance";NA;0;0;"S";"";950
"612400";"15012";NA;NA;NA;NA;NA;NA;NA;1;"30/03/2022";"Vente";97826;24;"";"RUE";"0500";"DE LA SABLIERE";15130;"ARPAJON-SUR-CERE";"15";12;NA;"AD";24;"";"";NA;"";NA;"";NA;NA;NA;NA;NA;0;1;"Maison";NA;83;5;"S";"";950
"612401";"15012";NA;NA;NA;NA;NA;NA;NA;1;"30/03/2022";"Vente";97826;24;"";"RUE";"0500";"DE LA SABLIERE";15130;"ARPAJON-SUR-CERE";"15";12;NA;"AD";24;"";"";NA;"";NA;"";NA;NA;NA;NA;NA;0;3;"Dépendance";NA;0;0;"S";"";950
"612402";"15012";NA;NA;NA;NA;NA;NA;NA;1;"30/03/2022";"Vente";97826;24;"";"RUE";"0500";"DE LA SABLIERE";15130;"ARPAJON-SUR-CERE";"15";12;NA;"AD";24;"";"";NA;"";NA;"";NA;NA;NA;NA;NA;0;3;"Dépendance";NA;0;0;"S";"";950
"612403";"15012";NA;NA;NA;NA;NA;NA;NA;1;"19/03/2022";"Vente";122450;15;"";"AV";"0300";"JEAN JAURES";15130;"ARPAJON-SUR-CERE";"15";12;NA;"AD";402;"";"11";72,28;"43";NA;"";NA;NA;NA;NA;NA;2;3;"Dépendance";NA;0;0;"";"";NA
"612404";"15012";NA;NA;NA;NA;NA;NA;NA;1;"19/03/2022";"Vente";122450;10;"";"RUE";"0440";"DU PUY DE VAURS";15130;"ARPAJON-SUR-CERE";"15";12;NA;"AD";402;"";"67";NA;"";NA;"";NA;NA;NA;NA;NA;1;3;"Dépendance";NA;0;0;"";"";NA
"612405";"15012";NA;NA;NA;NA;NA;NA;NA;1;"19/03/2022";"Vente";122450;15;"";"AV";"0300";"JEAN JAURES";15130;"ARPAJON-SUR-CERE";"15";12;NA;"AD";402;"";"11";72,28;"43";NA;"";NA;NA;NA;NA;NA;2;2;"Appartement";NA;72;4;"";"";NA
"612603";"15012";NA;NA;NA;NA;NA;NA;NA;1;"06/04/2022";"Vente";44300;NA;"";"";"B055";"LE BOUSQUET";15130;"ARPAJON-SUR-CERE";"15";12;NA;"BD";131;"";"";NA;"";NA;"";NA;NA;NA;NA;NA;0;NA;"";NA;NA;NA;"P";"";1005
"612605";"15012";NA;NA;NA;NA;NA;NA;NA;1;"12/04/2022";"Vente";41300;NA;"";"";"B257";"LES PISSADES";15130;"ARPAJON-SUR-CERE";"15";12;NA;"AY";179;"";"";NA;"";NA;"";NA;NA;NA;NA;NA;0;NA;"";NA;NA;NA;"AB";"";927
"612609";"15012";NA;NA;NA;NA;NA;NA;NA;1;"29/03/2022";"Vente";80340;NA;"";"";"B336";"LE SAL OUEST";15130;"ARPAJON-SUR-CERE";"15";12;NA;"BI";5;"";"";NA;"";NA;"";NA;NA;NA;NA;NA;0;NA;"";NA;NA;NA;"P";"";61
"612610";"15012";NA;NA;NA;NA;NA;NA;NA;1;"29/03/2022";"Vente";80340;NA;"";"";"B336";"LE SAL OUEST";15130;"ARPAJON-SUR-CERE";"15";12;NA;"BI";108;"";"";NA;"";NA;"";NA;NA;NA;NA;NA;0;NA;"";NA;NA;NA;"L";"";348
"612611";"15012";NA;NA;NA;NA;NA;NA;NA;1;"29/03/2022";"Vente";80340;NA;"";"";"B336";"LE SAL OUEST";15130;"ARPAJON-SUR-CERE";"15";12;NA;"BI";209;"";"";NA;"";NA;"";NA;NA;NA;NA;NA;0;NA;"";NA;NA;NA;"T";"";407
"612612";"15012";NA;NA;NA;NA;NA;NA;NA;1;"29/03/2022";"Vente";80340;NA;"";"";"B336";"LE SAL OUEST";15130;"ARPAJON-SUR-CERE";"15";12;NA;"BI";210;"";"";NA;"";NA;"";NA;NA;NA;NA;NA;0;NA;"";NA;NA;NA;"T";"";128
"612613";"15012";NA;NA;NA;NA;NA;NA;NA;1;"29/03/2022";"Vente";80340;NA;"";"";"B336";"LE SAL OUEST";15130;"ARPAJON-SUR-CERE";"15";12;NA;"BI";211;"";"";NA;"";NA;"";NA;NA;NA;NA;NA;0;NA;"";NA;NA;NA;"T";"";932
"612614";"15012";NA;NA;NA;NA;NA;NA;NA;1;"29/03/2022";"Vente";80340;NA;"";"";"B336";"LE SAL OUEST";15130;"ARPAJON-SUR-CERE";"15";12;NA;"BI";212;"";"";NA;"";NA;"";NA;NA;NA;NA;NA;0;NA;"";NA;NA;NA;"T";"";1279
"612631";"15012";NA;NA;NA;NA;NA;NA;NA;1;"14/04/2022";"Vente";1;NA;"";"";"B139";"DOUARAT";15130;"ARPAJON-SUR-CERE";"15";12;NA;"C";1286;"";"";NA;"";NA;"";NA;NA;NA;NA;NA;0;NA;"";NA;NA;NA;"PA";"";117
"612632";"15012";NA;NA;NA;NA;NA;NA;NA;1;"14/04/2022";"Vente";1;NA;"";"";"B139";"DOUARAT";15130;"ARPAJON-SUR-CERE";"15";12;NA;"C";1287;"";"";NA;"";NA;"";NA;NA;NA;NA;NA;0;NA;"";NA;NA;NA;"PA";"";21
"612633";"15012";NA;NA;NA;NA;NA;NA;NA;1;"14/04/2022";"Vente";1;NA;"";"";"B059";"BOUYGUES";15130;"ARPAJON-SUR-CERE";"15";12;NA;"C";1288;"";"";NA;"";NA;"";NA;NA;NA;NA;NA;0;NA;"";NA;NA;NA;"L";"";43
"612678";"15012";NA;NA;NA;NA;NA;NA;NA;1;"24/03/2022";"Vente";250000;22;"";"RUE";"0050";"DES CAMPS";15130;"ARPAJON-SUR-CERE";"15";12;NA;"AR";20;"";"";NA;"";NA;"";NA;NA;NA;NA;NA;0;1;"Maison";NA;107;5;"S";"";1012
"612726";"15012";NA;NA;NA;NA;NA;NA;NA;1;"06/04/2022";"Vente";125000;4;"";"ALL";"0518";"DES TILLEULS";15130;"ARPAJON-SUR-CERE";"15";12;NA;"AO";23;"";"";NA;"";NA;"";NA;NA;NA;NA;NA;0;1;"Maison";NA;92;5;"J";"";505
"612727";"15012";NA;NA;NA;NA;NA;NA;NA;1;"06/04/2022";"Vente";125000;4;"";"ALL";"0518";"DES TILLEULS";15130;"ARPAJON-SUR-CERE";"15";12;NA;"AO";23;"";"";NA;"";NA;"";NA;NA;NA;NA;NA;0;1;"Maison";NA;92;5;"S";"";591
"612728";"15012";NA;NA;NA;NA;NA;NA;NA;1;"06/04/2022";"Vente";125000;4;"";"ALL";"0518";"DES TILLEULS";15130;"ARPAJON-SUR-CERE";"15";12;NA;"AO";23;"";"";NA;"";NA;"";NA;NA;NA;NA;NA;0;3;"Dépendance";NA;0;0;"J";"";505
"612729";"15012";NA;NA;NA;NA;NA;NA;NA;1;"06/04/2022";"Vente";125000;4;"";"ALL";"0518";"DES TILLEULS";15130;"ARPAJON-SUR-CERE";"15";12;NA;"AO";23;"";"";NA;"";NA;"";NA;NA;NA;NA;NA;0;3;"Dépendance";NA;0;0;"S";"";591
"612737";"15012";NA;NA;NA;NA;NA;NA;NA;1;"07/04/2022";"Vente";300400;NA;"";"";"B175";"LES GRANGES";15130;"ARPAJON-SUR-CERE";"15";12;NA;"BI";196;"";"";NA;"";NA;"";NA;NA;NA;NA;NA;0;NA;"";NA;NA;NA;"S";"";445
"612738";"15012";NA;NA;NA;NA;NA;NA;NA;1;"07/04/2022";"Vente";300400;2;"";"";"0254";"LE RUCHER DES GRANGES";15130;"ARPAJON-SUR-CERE";"15";12;NA;"BI";216;"";"";NA;"";NA;"";NA;NA;NA;NA;NA;0;1;"Maison";NA;137;4;"AG";"";1001
"612739";"15012";NA;NA;NA;NA;NA;NA;NA;1;"07/04/2022";"Vente";300400;2;"";"";"0254";"LE RUCHER DES GRANGES";15130;"ARPAJON-SUR-CERE";"15";12;NA;"BI";216;"";"";NA;"";NA;"";NA;NA;NA;NA;NA;0;1;"Maison";NA;137;4;"S";"";1000
"612740";"15012";NA;NA;NA;NA;NA;NA;NA;1;"07/04/2022";"Vente";300400;NA;"";"";"B175";"LES GRANGES";15130;"ARPAJON-SUR-CERE";"15";12;NA;"BI";217;"";"";NA;"";NA;"";NA;NA;NA;NA;NA;0;NA;"";NA;NA;NA;"S";"";216
"612745";"15012";NA;NA;NA;NA;NA;NA;NA;1;"09/04/2022";"Vente";55800;7;"";"CHEM";"0332";"DU LAVOIR";15130;"ARPAJON-SUR-CERE";"15";12;NA;"C";436;"";"";NA;"";NA;"";NA;NA;NA;NA;NA;0;NA;"";NA;NA;NA;"S";"";49
"612746";"15012";NA;NA;NA;NA;NA;NA;NA;1;"09/04/2022";"Vente";55800;NA;"";"";"B127";"COUFINS";15130;"ARPAJON-SUR-CERE";"15";12;NA;"C";1622;"";"";NA;"";NA;"";NA;NA;NA;NA;NA;0;NA;"";NA;NA;NA;"J";"";27
"612747";"15012";NA;NA;NA;NA;NA;NA;NA;1;"09/04/2022";"Vente";55800;NA;"";"";"B127";"COUFINS";15130;"ARPAJON-SUR-CERE";"15";12;NA;"C";1623;"";"";NA;"";NA;"";NA;NA;NA;NA;NA;0;NA;"";NA;NA;NA;"J";"";28
"612957";"15012";NA;NA;NA;NA;NA;NA;NA;1;"21/04/2022";"Vente";210700;9;"";"SQ";"0465";"MAURICE RAVEL";15130;"ARPAJON-SUR-CERE";"15";12;NA;"AN";151;"";"";NA;"";NA;"";NA;NA;NA;NA;NA;0;1;"Maison";NA;90;4;"S";"";770
"612958";"15012";NA;NA;NA;NA;NA;NA;NA;1;"21/04/2022";"Vente";210700;9;"";"SQ";"0465";"MAURICE RAVEL";15130;"ARPAJON-SUR-CERE";"15";12;NA;"AN";151;"";"";NA;"";NA;"";NA;NA;NA;NA;NA;0;3;"Dépendance";NA;0;0;"S";"";770
"613083";"15012";NA;NA;NA;NA;NA;NA;NA;1;"25/04/2022";"Vente";42500;NA;"";"";"B204";"LAS CAMPS";15130;"ARPAJON-SUR-CERE";"15";12;NA;"BB";154;"";"";NA;"";NA;"";NA;NA;NA;NA;NA;0;NA;"";NA;NA;NA;"T";"";3236
"613105";"15012";NA;NA;NA;NA;NA;NA;NA;1;"14/04/2022";"Vente";359030;NA;"";"";"B130";"CRESPIAT";15130;"ARPAJON-SUR-CERE";"15";12;NA;"BA";1;"";"";NA;"";NA;"";NA;NA;NA;NA;NA;0;NA;"";NA;NA;NA;"P";"";2568
"613106";"15012";NA;NA;NA;NA;NA;NA;NA;1;"14/04/2022";"Vente";359030;5617;"";"";"B130";"CRESPIAT";15130;"ARPAJON-SUR-CERE";"15";12;NA;"BA";2;"";"";NA;"";NA;"";NA;NA;NA;NA;NA;0;1;"Maison";NA;206;9;"S";"";41
"613107";"15012";NA;NA;NA;NA;NA;NA;NA;1;"14/04/2022";"Vente";359030;5617;"";"";"B130";"CRESPIAT";15130;"ARPAJON-SUR-CERE";"15";12;NA;"BA";2;"";"";NA;"";NA;"";NA;NA;NA;NA;NA;0;3;"Dépendance";NA;0;0;"S";"";41
"613108";"15012";NA;NA;NA;NA;NA;NA;NA;1;"14/04/2022";"Vente";359030;5617;"";"";"B130";"CRESPIAT";15130;"ARPAJON-SUR-CERE";"15";12;NA;"BA";2;"";"";NA;"";NA;"";NA;NA;NA;NA;NA;0;3;"Dépendance";NA;0;0;"S";"";41
"613109";"15012";NA;NA;NA;NA;NA;NA;NA;1;"14/04/2022";"Vente";359030;865;"";"RTE";"0134";"DE CRESPIAT";15130;"ARPAJON-SUR-CERE";"15";12;NA;"BA";3;"";"";NA;"";NA;"";NA;NA;NA;NA;NA;0;NA;"";NA;NA;NA;"S";"";312
"613110";"15012";NA;NA;NA;NA;NA;NA;NA;1;"14/04/2022";"Vente";359030;NA;"";"";"B130";"CRESPIAT";15130;"ARPAJON-SUR-CERE";"15";12;NA;"BA";4;"";"";NA;"";NA;"";NA;NA;NA;NA;NA;0;NA;"";NA;NA;NA;"AG";"";1104
"613174";"15012";NA;NA;NA;NA;NA;NA;NA;1;"05/04/2022";"Vente";178600;10;"";"CITE";"A005";"JEAN MOULIN";15130;"ARPAJON-SUR-CERE";"15";12;NA;"AP";71;"";"";NA;"";NA;"";NA;NA;NA;NA;NA;0;1;"Maison";NA;77;4;"S";"";620
"613206";"15012";NA;NA;NA;NA;NA;NA;NA;1;"15/04/2022";"Vente";255000;4;"";"CHE";"0485";"DES RIVES";15130;"ARPAJON-SUR-CERE";"15";12;NA;"AR";84;"";"";NA;"";NA;"";NA;NA;NA;NA;NA;0;1;"Maison";NA;178;8;"S";"";500
"613207";"15012";NA;NA;NA;NA;NA;NA;NA;1;"15/04/2022";"Vente";255000;4;"";"CHE";"0485";"DES RIVES";15130;"ARPAJON-SUR-CERE";"15";12;NA;"AR";84;"";"";NA;"";NA;"";NA;NA;NA;NA;NA;0;1;"Maison";NA;178;8;"AG";"";1575
"613357";"15012";NA;NA;NA;NA;NA;NA;NA;1;"29/04/2022";"Vente";800;NA;"";"";"B162";"GARRIC";15130;"ARPAJON-SUR-CERE";"15";12;NA;"B";1104;"";"";NA;"";NA;"";NA;NA;NA;NA;NA;0;NA;"";NA;NA;NA;"P";"";65
"613376";"15012";NA;NA;NA;NA;NA;NA;NA;1;"19/04/2022";"Vente";920000;NA;"";"";"B055";"LE BOUSQUET";15130;"ARPAJON-SUR-CERE";"15";12;NA;"BC";4;"";"";NA;"";NA;"";NA;NA;NA;NA;NA;0;NA;"";NA;NA;NA;"PA";"";2271
"613377";"15012";NA;NA;NA;NA;NA;NA;NA;1;"19/04/2022";"Vente";920000;NA;"";"";"B094";"CHAMP DE LA MONTAGNE";15130;"ARPAJON-SUR-CERE";"15";12;NA;"BC";5;"";"";NA;"";NA;"";NA;NA;NA;NA;NA;0;NA;"";NA;NA;NA;"PA";"";2154
"613378";"15012";NA;NA;NA;NA;NA;NA;NA;1;"19/04/2022";"Vente";920000;NA;"";"";"B046";"LE BOS";15130;"ARPAJON-SUR-CERE";"15";12;NA;"BC";10;"";"";NA;"";NA;"";NA;NA;NA;NA;NA;0;NA;"";NA;NA;NA;"PA";"";33350
"613379";"15012";NA;NA;NA;NA;NA;NA;NA;1;"19/04/2022";"Vente";920000;NA;"";"";"B046";"LE BOS";15130;"ARPAJON-SUR-CERE";"15";12;NA;"BC";10;"";"";NA;"";NA;"";NA;NA;NA;NA;NA;0;NA;"";NA;NA;NA;"PA";"";33350
"613380";"15012";NA;NA;NA;NA;NA;NA;NA;1;"19/04/2022";"Vente";920000;NA;"";"";"B055";"LE BOUSQUET";15130;"ARPAJON-SUR-CERE";"15";12;NA;"BC";29;"";"";NA;"";NA;"";NA;NA;NA;NA;NA;0;NA;"";NA;NA;NA;"P";"";9315
"613381";"15012";NA;NA;NA;NA;NA;NA;NA;1;"19/04/2022";"Vente";920000;NA;"";"";"B355";"TRAVERSADES";15130;"ARPAJON-SUR-CERE";"15";12;NA;"BC";39;"";"";NA;"";NA;"";NA;NA;NA;NA;NA;0;NA;"";NA;NA;NA;"PA";"";15
"613382";"15012";NA;NA;NA;NA;NA;NA;NA;1;"19/04/2022";"Vente";920000;NA;"";"";"B094";"CHAMP DE LA MONTAGNE";15130;"ARPAJON-SUR-CERE";"15";12;NA;"BC";42;"";"";NA;"";NA;"";NA;NA;NA;NA;NA;0;NA;"";NA;NA;NA;"T";"";903
"613383";"15012";NA;NA;NA;NA;NA;NA;NA;1;"19/04/2022";"Vente";920000;NA;"";"";"B094";"CHAMP DE LA MONTAGNE";15130;"ARPAJON-SUR-CERE";"15";12;NA;"BC";44;"";"";NA;"";NA;"";NA;NA;NA;NA;NA;0;NA;"";NA;NA;NA;"T";"";26357
"613384";"15012";NA;NA;NA;NA;NA;NA;NA;1;"19/04/2022";"Vente";920000;NA;"";"";"B094";"CHAMP DE LA MONTAGNE";15130;"ARPAJON-SUR-CERE";"15";12;NA;"BC";44;"";"";NA;"";NA;"";NA;NA;NA;NA;NA;0;NA;"";NA;NA;NA;"T";"";26357
"613385";"15012";NA;NA;NA;NA;NA;NA;NA;1;"19/04/2022";"Vente";920000;NA;"";"";"B298";"PRES DE MAGNE";15130;"ARPAJON-SUR-CERE";"15";12;NA;"BC";75;"";"";NA;"";NA;"";NA;NA;NA;NA;NA;0;NA;"";NA;NA;NA;"T";"";27951
"613386";"15012";NA;NA;NA;NA;NA;NA;NA;1;"19/04/2022";"Vente";920000;NA;"";"";"B298";"PRES DE MAGNE";15130;"ARPAJON-SUR-CERE";"15";12;NA;"BC";78;"";"";NA;"";NA;"";NA;NA;NA;NA;NA;0;NA;"";NA;NA;NA;"P";"";4590
"613387";"15012";NA;NA;NA;NA;NA;NA;NA;1;"19/04/2022";"Vente";920000;NA;"";"";"B298";"PRES DE MAGNE";15130;"ARPAJON-SUR-CERE";"15";12;NA;"BC";78;"";"";NA;"";NA;"";NA;NA;NA;NA;NA;0;NA;"";NA;NA;NA;"P";"";4590
"613388";"15012";NA;NA;NA;NA;NA;NA;NA;1;"19/04/2022";"Vente";920000;NA;"";"";"B298";"PRES DE MAGNE";15130;"ARPAJON-SUR-CERE";"15";12;NA;"BC";79;"";"";NA;"";NA;"";NA;NA;NA;NA;NA;0;NA;"";NA;NA;NA;"P";"";72
"613389";"15012";NA;NA;NA;NA;NA;NA;NA;1;"19/04/2022";"Vente";920000;NA;"";"";"B298";"PRES DE MAGNE";15130;"ARPAJON-SUR-CERE";"15";12;NA;"BC";127;"";"";NA;"";NA;"";NA;NA;NA;NA;NA;0;NA;"";NA;NA;NA;"P";"";2224
"613390";"15012";NA;NA;NA;NA;NA;NA;NA;1;"19/04/2022";"Vente";920000;NA;"";"";"B298";"PRES DE MAGNE";15130;"ARPAJON-SUR-CERE";"15";12;NA;"BC";127;"";"";NA;"";NA;"";NA;NA;NA;NA;NA;0;NA;"";NA;NA;NA;"P";"";2223
"613391";"15012";NA;NA;NA;NA;NA;NA;NA;1;"19/04/2022";"Vente";920000;NA;"";"";"B298";"PRES DE MAGNE";15130;"ARPAJON-SUR-CERE";"15";12;NA;"BC";129;"";"";NA;"";NA;"";NA;NA;NA;NA;NA;0;NA;"";NA;NA;NA;"P";"";43464
"613392";"15012";NA;NA;NA;NA;NA;NA;NA;1;"19/04/2022";"Vente";920000;NA;"";"";"B298";"PRES DE MAGNE";15130;"ARPAJON-SUR-CERE";"15";12;NA;"BC";129;"";"";NA;"";NA;"";NA;NA;NA;NA;NA;0;NA;"";NA;NA;NA;"P";"";43463
"613393";"15012";NA;NA;NA;NA;NA;NA;NA;1;"19/04/2022";"Vente";920000;NA;"";"";"B055";"LE BOUSQUET";15130;"ARPAJON-SUR-CERE";"15";12;NA;"BD";33;"";"";NA;"";NA;"";NA;NA;NA;NA;NA;0;NA;"";NA;NA;NA;"T";"";6886
"613394";"15012";NA;NA;NA;NA;NA;NA;NA;1;"19/04/2022";"Vente";920000;500;"";"CHEM";"0049";"DU BOUSQUET";15130;"ARPAJON-SUR-CERE";"15";12;NA;"BD";45;"";"";NA;"";NA;"";NA;NA;NA;NA;NA;0;1;"Maison";NA;110;5;"S";"";4503
"613395";"15012";NA;NA;NA;NA;NA;NA;NA;1;"19/04/2022";"Vente";920000;NA;"";"";"B055";"LE BOUSQUET";15130;"ARPAJON-SUR-CERE";"15";12;NA;"BD";112;"";"";NA;"";NA;"";NA;NA;NA;NA;NA;0;NA;"";NA;NA;NA;"P";"";17909
"613396";"15012";NA;NA;NA;NA;NA;NA;NA;1;"19/04/2022";"Vente";920000;NA;"";"";"B055";"LE BOUSQUET";15130;"ARPAJON-SUR-CERE";"15";12;NA;"BD";112;"";"";NA;"";NA;"";NA;NA;NA;NA;NA;0;NA;"";NA;NA;NA;"P";"";17910
"613397";"15012";NA;NA;NA;NA;NA;NA;NA;1;"19/04/2022";"Vente";920000;NA;"";"";"B227";"LES MARTRES";15130;"ARPAJON-SUR-CERE";"15";12;NA;"BE";30;"";"";NA;"";NA;"";NA;NA;NA;NA;NA;0;NA;"";NA;NA;NA;"P";"";10641
"613398";"15012";NA;NA;NA;NA;NA;NA;NA;1;"19/04/2022";"Vente";920000;NA;"";"";"B227";"LES MARTRES";15130;"ARPAJON-SUR-CERE";"15";12;NA;"BE";30;"";"";NA;"";NA;"";NA;NA;NA;NA;NA;0;NA;"";NA;NA;NA;"P";"";10642
"613399";"15012";NA;NA;NA;NA;NA;NA;NA;1;"19/04/2022";"Vente";920000;NA;"";"";"B256";"PEYSSIERE";15130;"ARPAJON-SUR-CERE";"15";12;NA;"BE";54;"";"";NA;"";NA;"";NA;NA;NA;NA;NA;0;NA;"";NA;NA;NA;"P";"";12242
"613400";"15012";NA;NA;NA;NA;NA;NA;NA;1;"19/04/2022";"Vente";920000;NA;"";"";"B256";"PEYSSIERE";15130;"ARPAJON-SUR-CERE";"15";12;NA;"BE";54;"";"";NA;"";NA;"";NA;NA;NA;NA;NA;0;NA;"";NA;NA;NA;"P";"";12241
"613401";"15012";NA;NA;NA;NA;NA;NA;NA;1;"19/04/2022";"Vente";920000;NA;"";"";"B312";"PUY DE LA CABANE";15130;"ARPAJON-SUR-CERE";"15";12;NA;"H";28;"";"";NA;"";NA;"";NA;NA;NA;NA;NA;0;NA;"";NA;NA;NA;"BT";"";12660
"613649";"15012";NA;NA;NA;NA;NA;NA;NA;1;"30/04/2022";"Vente";150000;NA;"";"";"B263";"LES PLANIERES";15130;"ARPAJON-SUR-CERE";"15";12;NA;"AW";2;"";"";NA;"";NA;"";NA;NA;NA;NA;NA;0;NA;"";NA;NA;NA;"P";"";216
"613650";"15012";NA;NA;NA;NA;NA;NA;NA;1;"30/04/2022";"Vente";150000;NA;"";"";"B263";"LES PLANIERES";15130;"ARPAJON-SUR-CERE";"15";12;NA;"AW";3;"";"";NA;"";NA;"";NA;NA;NA;NA;NA;0;NA;"";NA;NA;NA;"AG";"";18643
"613651";"15012";NA;NA;NA;NA;NA;NA;NA;1;"30/04/2022";"Vente";150000;6165;"";"";"B009";"LES BARTES";15130;"ARPAJON-SUR-CERE";"15";12;NA;"AW";4;"";"";NA;"";NA;"";NA;NA;NA;NA;NA;0;4;"Local industriel. commercial ou assimilé";NA;0;0;"S";"";146
"613652";"15012";NA;NA;NA;NA;NA;NA;NA;1;"30/04/2022";"Vente";150000;34;"";"";"B263";"LES PLANIERES";15130;"ARPAJON-SUR-CERE";"15";12;NA;"AW";25;"";"";NA;"";NA;"";NA;NA;NA;NA;NA;0;1;"Maison";NA;106;5;"S";"";496
"613653";"15012";NA;NA;NA;NA;NA;NA;NA;1;"30/04/2022";"Vente";150000;6167;"";"";"B263";"LES PLANIERES";15130;"ARPAJON-SUR-CERE";"15";12;NA;"AW";50;"";"";NA;"";NA;"";NA;NA;NA;NA;NA;0;4;"Local industriel. commercial ou assimilé";NA;0;0;"S";"";150
"613747";"15012";NA;NA;NA;NA;NA;NA;NA;1;"06/05/2022";"Vente";213000;4;"";"IMP";"0723";"DES LILAS";15130;"ARPAJON-SUR-CERE";"15";12;NA;"AY";151;"";"";NA;"";NA;"";NA;NA;NA;NA;NA;0;1;"Maison";NA;90;4;"S";"";794
"613764";"15012";NA;NA;NA;NA;NA;NA;NA;1;"06/05/2022";"Vente";78500;2;"B";"RUE";"0438";"DES PRADELS";15130;"ARPAJON-SUR-CERE";"15";12;NA;"AT";173;"";"134";NA;"";NA;"";NA;NA;NA;NA;NA;1;3;"Dépendance";NA;0;0;"";"";NA
"613765";"15012";NA;NA;NA;NA;NA;NA;NA;1;"06/05/2022";"Vente";78500;2;"B";"RUE";"0438";"DES PRADELS";15130;"ARPAJON-SUR-CERE";"15";12;NA;"AT";173;"";"146";NA;"";NA;"";NA;NA;NA;NA;NA;1;3;"Dépendance";NA;0;0;"";"";NA
"613766";"15012";NA;NA;NA;NA;NA;NA;NA;1;"06/05/2022";"Vente";78500;2;"B";"RUE";"0438";"DES PRADELS";15130;"ARPAJON-SUR-CERE";"15";12;NA;"AT";173;"";"400";54,99;"";NA;"";NA;NA;NA;NA;NA;1;2;"Appartement";NA;55;3;"";"";NA
"613925";"15012";NA;NA;NA;NA;NA;NA;NA;1;"08/04/2022";"Vente";262500;NA;"";"";"B329";"ROUTE DE LA GARE";15130;"ARPAJON-SUR-CERE";"15";12;NA;"AH";106;"";"";NA;"";NA;"";NA;NA;NA;NA;NA;0;NA;"";NA;NA;NA;"VE";"";776
"613926";"15012";NA;NA;NA;NA;NA;NA;NA;1;"08/04/2022";"Vente";262500;NA;"";"";"B329";"ROUTE DE LA GARE";15130;"ARPAJON-SUR-CERE";"15";12;NA;"AH";121;"";"";NA;"";NA;"";NA;NA;NA;NA;NA;0;NA;"";NA;NA;NA;"S";"";23
"613927";"15012";NA;NA;NA;NA;NA;NA;NA;1;"08/04/2022";"Vente";262500;NA;"";"AV";"0220";"DU GENERAL LECLERC";15130;"ARPAJON-SUR-CERE";"15";12;NA;"AH";315;"";"";NA;"";NA;"";NA;NA;NA;NA;NA;0;NA;"";NA;NA;NA;"AG";"";287
"613928";"15012";NA;NA;NA;NA;NA;NA;NA;1;"08/04/2022";"Vente";262500;NA;"";"AV";"0220";"DU GENERAL LECLERC";15130;"ARPAJON-SUR-CERE";"15";12;NA;"AH";316;"";"";NA;"";NA;"";NA;NA;NA;NA;NA;0;NA;"";NA;NA;NA;"AG";"";389
"613929";"15012";NA;NA;NA;NA;NA;NA;NA;1;"08/04/2022";"Vente";262500;48;"";"AV";"0220";"DU GENERAL LECLERC";15130;"ARPAJON-SUR-CERE";"15";12;NA;"AH";317;"";"";NA;"";NA;"";NA;NA;NA;NA;NA;0;3;"Dépendance";NA;0;0;"S";"";341
"613930";"15012";NA;NA;NA;NA;NA;NA;NA;1;"08/04/2022";"Vente";262500;48;"";"AV";"0220";"DU GENERAL LECLERC";15130;"ARPAJON-SUR-CERE";"15";12;NA;"AH";317;"";"";NA;"";NA;"";NA;NA;NA;NA;NA;0;1;"Maison";NA;230;9;"S";"";341
"613931";"15012";NA;NA;NA;NA;NA;NA;NA;1;"08/04/2022";"Vente";262500;48;"";"AV";"0220";"DU GENERAL LECLERC";15130;"ARPAJON-SUR-CERE";"15";12;NA;"AH";318;"";"";NA;"";NA;"";NA;NA;NA;NA;NA;0;2;"Appartement";NA;22;2;"S";"";93
"613932";"15012";NA;NA;NA;NA;NA;NA;NA;1;"08/04/2022";"Vente";262500;48;"";"AV";"0220";"DU GENERAL LECLERC";15130;"ARPAJON-SUR-CERE";"15";12;NA;"AH";318;"";"";NA;"";NA;"";NA;NA;NA;NA;NA;0;2;"Appartement";NA;14;1;"S";"";93
"613933";"15012";NA;NA;NA;NA;NA;NA;NA;1;"08/04/2022";"Vente";262500;48;"";"AV";"0220";"DU GENERAL LECLERC";15130;"ARPAJON-SUR-CERE";"15";12;NA;"AH";318;"";"";NA;"";NA;"";NA;NA;NA;NA;NA;0;2;"Appartement";NA;21;1;"S";"";93
"614022";"15012";NA;NA;NA;NA;NA;NA;NA;1;"19/05/2022";"Vente";1;NA;"";"";"B144";"LES ENFOURNOUS";15130;"ARPAJON-SUR-CERE";"15";12;NA;"K";688;"";"";NA;"";NA;"";NA;NA;NA;NA;NA;0;NA;"";NA;NA;NA;"L";"";81
"614100";"15012";NA;NA;NA;NA;NA;NA;NA;1;"05/05/2022";"Vente";42000;17;"";"RUE";"0336";"LEO FERRE";15130;"ARPAJON-SUR-CERE";"15";12;NA;"BI";332;"";"";NA;"";NA;"";NA;NA;NA;NA;NA;0;NA;"";NA;NA;NA;"AB";"";934
"614289";"15012";NA;NA;NA;NA;NA;NA;NA;1;"12/05/2022";"Vente";190000;610;"";"AV";"0295";"JEAN FERRAT";15130;"ARPAJON-SUR-CERE";"15";12;NA;"AV";12;"";"";NA;"";NA;"";NA;NA;NA;NA;NA;0;1;"Maison";NA;135;5;"J";"";981
"614290";"15012";NA;NA;NA;NA;NA;NA;NA;1;"12/05/2022";"Vente";190000;610;"";"AV";"0295";"JEAN FERRAT";15130;"ARPAJON-SUR-CERE";"15";12;NA;"AV";12;"";"";NA;"";NA;"";NA;NA;NA;NA;NA;0;1;"Maison";NA;135;5;"S";"";1071
"614304";"15012";NA;NA;NA;NA;NA;NA;NA;1;"14/05/2022";"Vente";3000;NA;"";"RTE";"0375";"DE MILLY";15130;"ARPAJON-SUR-CERE";"15";12;NA;"AW";326;"";"";NA;"";NA;"";NA;NA;NA;NA;NA;0;NA;"";NA;NA;NA;"T";"";239
"614431";"15012";NA;NA;NA;NA;NA;NA;NA;1;"18/05/2022";"Vente";150000;5379;"";"RUE";"0320";"JEAN TOYRE";15130;"ARPAJON-SUR-CERE";"15";12;NA;"AH";219;"";"";NA;"";NA;"";NA;NA;NA;NA;NA;0;1;"Maison";NA;77;3;"P";"";1394
"614432";"15012";NA;NA;NA;NA;NA;NA;NA;1;"18/05/2022";"Vente";150000;5379;"";"RUE";"0320";"JEAN TOYRE";15130;"ARPAJON-SUR-CERE";"15";12;NA;"AH";219;"";"";NA;"";NA;"";NA;NA;NA;NA;NA;0;1;"Maison";NA;77;3;"S";"";7569
"614472";"15012";NA;NA;NA;NA;NA;NA;NA;1;"18/05/2022";"Vente";205000;1;"";"RUE";"0320";"JEAN TOYRE";15130;"ARPAJON-SUR-CERE";"15";12;NA;"AH";34;"";"";NA;"";NA;"";NA;NA;NA;NA;NA;0;1;"Maison";NA;101;5;"S";"";1067
"614516";"15012";NA;NA;NA;NA;NA;NA;NA;1;"13/05/2022";"Vente";148000;1673;"";"RTE";"0327";"DE LABROUSSE";15130;"ARPAJON-SUR-CERE";"15";12;NA;"C";1633;"";"";NA;"";NA;"";NA;NA;NA;NA;NA;0;3;"Dépendance";NA;0;0;"S";"";2551
"614517";"15012";NA;NA;NA;NA;NA;NA;NA;1;"13/05/2022";"Vente";148000;1673;"";"RTE";"0327";"DE LABROUSSE";15130;"ARPAJON-SUR-CERE";"15";12;NA;"C";1633;"";"";NA;"";NA;"";NA;NA;NA;NA;NA;0;1;"Maison";NA;108;5;"S";"";2551
"614518";"15012";NA;NA;NA;NA;NA;NA;NA;1;"13/05/2022";"Vente";148000;1673;"";"RTE";"0327";"DE LABROUSSE";15130;"ARPAJON-SUR-CERE";"15";12;NA;"C";1633;"";"";NA;"";NA;"";NA;NA;NA;NA;NA;0;3;"Dépendance";NA;0;0;"S";"";2551
"614519";"15012";NA;NA;NA;NA;NA;NA;NA;1;"13/05/2022";"Vente";148000;1673;"";"RTE";"0327";"DE LABROUSSE";15130;"ARPAJON-SUR-CERE";"15";12;NA;"C";1633;"";"";NA;"";NA;"";NA;NA;NA;NA;NA;0;3;"Dépendance";NA;0;0;"S";"";2551
"614584";"15012";NA;NA;NA;NA;NA;NA;NA;1;"27/05/2022";"Vente";160550;171;"";"RTE";"0030";"D AUMONT";15130;"ARPAJON-SUR-CERE";"15";12;NA;"K";434;"";"";NA;"";NA;"";NA;NA;NA;NA;NA;0;1;"Maison";NA;59;3;"S";"";913
"614585";"15012";NA;NA;NA;NA;NA;NA;NA;1;"27/05/2022";"Vente";160550;171;"";"RTE";"0030";"D AUMONT";15130;"ARPAJON-SUR-CERE";"15";12;NA;"K";434;"";"";NA;"";NA;"";NA;NA;NA;NA;NA;0;1;"Maison";NA;59;3;"T";"";1587
"614657";"15012";NA;NA;NA;NA;NA;NA;NA;1;"20/05/2022";"Vente";216000;30;"";"RUE";"0020";"ANTONIN DUSSERRE";15130;"ARPAJON-SUR-CERE";"15";12;NA;"AP";162;"";"";NA;"";NA;"";NA;NA;NA;NA;NA;0;1;"Maison";NA;101;5;"S";"";824
"614703";"15012";NA;NA;NA;NA;NA;NA;NA;1;"17/05/2022";"Vente";58300;NA;"";"RUE";"0080";"DU CHAUFFOUR";15130;"ARPAJON-SUR-CERE";"15";12;NA;"AE";215;"";"";NA;"";NA;"";NA;NA;NA;NA;NA;0;NA;"";NA;NA;NA;"S";"";208
"614704";"15012";NA;NA;NA;NA;NA;NA;NA;1;"17/05/2022";"Vente";58300;NA;"";"";"B380";"ROUTE DE LA GARE OUEST";15130;"ARPAJON-SUR-CERE";"15";12;NA;"AE";336;"";"";NA;"";NA;"";NA;NA;NA;NA;NA;0;NA;"";NA;NA;NA;"VE";"";730
"614731";"15012";NA;NA;NA;NA;NA;NA;NA;1;"20/05/2022";"Vente";50000;2;"B";"RUE";"0438";"DES PRADELS";15130;"ARPAJON-SUR-CERE";"15";12;NA;"AT";173;"";"82";NA;"";NA;"";NA;NA;NA;NA;NA;1;3;"Dépendance";NA;0;0;"";"";NA
"614732";"15012";NA;NA;NA;NA;NA;NA;NA;1;"20/05/2022";"Vente";50000;2;"B";"RUE";"0438";"DES PRADELS";15130;"ARPAJON-SUR-CERE";"15";12;NA;"AT";173;"";"57";NA;"";NA;"";NA;NA;NA;NA;NA;1;3;"Dépendance";NA;0;0;"";"";NA
"614733";"15012";NA;NA;NA;NA;NA;NA;NA;1;"20/05/2022";"Vente";50000;2;"B";"RUE";"0438";"DES PRADELS";15130;"ARPAJON-SUR-CERE";"15";12;NA;"AT";173;"";"332";35,21;"";NA;"";NA;NA;NA;NA;NA;1;2;"Appartement";NA;35;2;"";"";NA
"614993";"15012";NA;NA;NA;NA;NA;NA;NA;1;"24/05/2022";"Vente";185000;7016;"";"";"B184";"IMMARION";15130;"ARPAJON-SUR-CERE";"15";12;NA;"AW";150;"";"";NA;"";NA;"";NA;NA;NA;NA;NA;0;1;"Maison";NA;77;4;"S";"";472
"615061";"15012";NA;NA;NA;NA;NA;NA;NA;1;"31/05/2022";"Vente";168000;34;"";"RTE";"0375";"DE MILLY";15130;"ARPAJON-SUR-CERE";"15";12;NA;"AW";98;"";"";NA;"";NA;"";NA;NA;NA;NA;NA;0;1;"Maison";NA;88;4;"S";"";1552
"615164";"15012";NA;NA;NA;NA;NA;NA;NA;1;"18/05/2022";"Vente";235000;1;"";"RUE";"0270";"DES HOUX";15130;"ARPAJON-SUR-CERE";"15";12;NA;"E";488;"";"";NA;"";NA;"";NA;NA;NA;NA;NA;0;3;"Dépendance";NA;0;0;"AG";"";1231
"615165";"15012";NA;NA;NA;NA;NA;NA;NA;1;"18/05/2022";"Vente";235000;1;"";"RUE";"0270";"DES HOUX";15130;"ARPAJON-SUR-CERE";"15";12;NA;"E";488;"";"";NA;"";NA;"";NA;NA;NA;NA;NA;0;3;"Dépendance";NA;0;0;"AG";"";1231
"615166";"15012";NA;NA;NA;NA;NA;NA;NA;1;"18/05/2022";"Vente";235000;1;"";"RUE";"0270";"DES HOUX";15130;"ARPAJON-SUR-CERE";"15";12;NA;"E";488;"";"";NA;"";NA;"";NA;NA;NA;NA;NA;0;1;"Maison";NA;165;5;"S";"";1000
"615167";"15012";NA;NA;NA;NA;NA;NA;NA;1;"18/05/2022";"Vente";235000;1;"";"RUE";"0270";"DES HOUX";15130;"ARPAJON-SUR-CERE";"15";12;NA;"E";488;"";"";NA;"";NA;"";NA;NA;NA;NA;NA;0;3;"Dépendance";NA;0;0;"S";"";1000
"615168";"15012";NA;NA;NA;NA;NA;NA;NA;1;"18/05/2022";"Vente";235000;1;"";"RUE";"0270";"DES HOUX";15130;"ARPAJON-SUR-CERE";"15";12;NA;"E";488;"";"";NA;"";NA;"";NA;NA;NA;NA;NA;0;3;"Dépendance";NA;0;0;"S";"";1000
"615169";"15012";NA;NA;NA;NA;NA;NA;NA;1;"18/05/2022";"Vente";235000;1;"";"RUE";"0270";"DES HOUX";15130;"ARPAJON-SUR-CERE";"15";12;NA;"E";488;"";"";NA;"";NA;"";NA;NA;NA;NA;NA;0;1;"Maison";NA;165;5;"AG";"";1231
"615670";"15012";NA;NA;NA;NA;NA;NA;NA;1;"13/06/2022";"Vente";145000;62;"";"RUE";"0320";"JEAN TOYRE";15130;"ARPAJON-SUR-CERE";"15";12;NA;"AS";142;"";"";NA;"";NA;"";NA;NA;NA;NA;NA;0;1;"Maison";NA;92;5;"S";"";312
"615671";"15012";NA;NA;NA;NA;NA;NA;NA;1;"13/06/2022";"Vente";145000;62;"";"RUE";"0320";"JEAN TOYRE";15130;"ARPAJON-SUR-CERE";"15";12;NA;"AS";142;"";"";NA;"";NA;"";NA;NA;NA;NA;NA;0;3;"Dépendance";NA;0;0;"S";"";312
"615778";"15012";NA;NA;NA;NA;NA;NA;NA;1;"15/06/2022";"Vente";106820;NA;"";"";"B265";"LE PONT";15130;"ARPAJON-SUR-CERE";"15";12;NA;"AK";16;"";"";NA;"";NA;"";NA;NA;NA;NA;NA;0;NA;"";NA;NA;NA;"S";"";35
"615779";"15012";NA;NA;NA;NA;NA;NA;NA;1;"15/06/2022";"Vente";106820;33;"";"RUE";"0180";"DE L EGALITE";15130;"ARPAJON-SUR-CERE";"15";12;NA;"AK";17;"";"";NA;"";NA;"";NA;NA;NA;NA;NA;0;1;"Maison";NA;156;5;"S";"";108
"615863";"15012";NA;NA;NA;NA;NA;NA;NA;1;"15/06/2022";"Vente";223350;18;"";"SQ";"0143";"EMILE DUCLAUX";15130;"ARPAJON-SUR-CERE";"15";12;NA;"AM";142;"";"";NA;"";NA;"";NA;NA;NA;NA;NA;0;1;"Maison";NA;125;4;"S";"";1002
"615958";"15012";NA;NA;NA;NA;NA;NA;NA;1;"22/06/2022";"Vente";105000;36;"";"RUE";"0160";"FELIX RAMOND";15130;"ARPAJON-SUR-CERE";"15";12;NA;"AE";69;"";"3";106,35;"";NA;"";NA;NA;NA;NA;NA;1;2;"Appartement";NA;124;4;"";"";NA
"615959";"15012";NA;NA;NA;NA;NA;NA;NA;1;"22/06/2022";"Vente";105000;2;"";"RUE";"0360";"LOUIS DAUZIER";15130;"ARPAJON-SUR-CERE";"15";12;NA;"AE";72;"";"";NA;"";NA;"";NA;NA;NA;NA;NA;0;3;"Dépendance";NA;0;0;"S";"";31
"615960";"15012";NA;NA;NA;NA;NA;NA;NA;1;"22/06/2022";"Vente";105000;2;"";"RUE";"0360";"LOUIS DAUZIER";15130;"ARPAJON-SUR-CERE";"15";12;NA;"AE";72;"";"";NA;"";NA;"";NA;NA;NA;NA;NA;0;3;"Dépendance";NA;0;0;"S";"";31
"616265";"15012";NA;NA;NA;NA;NA;NA;NA;2;"17/06/2022";"Vente";500;NA;"";"CHEM";"0049";"DU BOUSQUET";15130;"ARPAJON-SUR-CERE";"15";12;NA;"BD";161;"";"";NA;"";NA;"";NA;NA;NA;NA;NA;0;NA;"";NA;NA;NA;"J";"";521
"616274";"15012";NA;NA;NA;NA;NA;NA;NA;1;"17/06/2022";"Vente";80000;NA;"";"CHEM";"0049";"DU BOUSQUET";15130;"ARPAJON-SUR-CERE";"15";12;NA;"BD";159;"";"";NA;"";NA;"";NA;NA;NA;NA;NA;0;NA;"";NA;NA;NA;"J";"";1035
"616275";"15012";NA;NA;NA;NA;NA;NA;NA;1;"17/06/2022";"Vente";80000;NA;"";"CHEM";"0049";"DU BOUSQUET";15130;"ARPAJON-SUR-CERE";"15";12;NA;"BD";160;"";"";NA;"";NA;"";NA;NA;NA;NA;NA;0;NA;"";NA;NA;NA;"J";"";1284
"616421";"15012";NA;NA;NA;NA;NA;NA;NA;1;"29/06/2022";"Vente";3e+05;6155;"";"";"B378";"PRAT BEZIERS SUD";15130;"ARPAJON-SUR-CERE";"15";12;NA;"AB";5;"";"";NA;"";NA;"";NA;NA;NA;NA;NA;0;4;"Local industriel. commercial ou assimilé";NA;642;0;"S";"";3878
"616422";"15012";NA;NA;NA;NA;NA;NA;NA;1;"29/06/2022";"Vente";3e+05;NA;"";"";"B378";"PRAT BEZIERS SUD";15130;"ARPAJON-SUR-CERE";"15";12;NA;"AB";6;"";"";NA;"";NA;"";NA;NA;NA;NA;NA;0;NA;"";NA;NA;NA;"S";"";382
"616423";"15012";NA;NA;NA;NA;NA;NA;NA;1;"29/06/2022";"Vente";3e+05;NA;"";"";"B378";"PRAT BEZIERS SUD";15130;"ARPAJON-SUR-CERE";"15";12;NA;"AB";8;"";"";NA;"";NA;"";NA;NA;NA;NA;NA;0;NA;"";NA;NA;NA;"S";"";34
"616610";"15012";NA;NA;NA;NA;NA;NA;NA;1;"06/07/2022";"Vente";68820;34;"";"RUE";"0380";"DU MONT MOUCHET";15130;"ARPAJON-SUR-CERE";"15";12;NA;"AD";29;"";"55";NA;"";NA;"";NA;NA;NA;NA;NA;1;3;"Dépendance";NA;0;0;"";"";NA
"616611";"15012";NA;NA;NA;NA;NA;NA;NA;1;"06/07/2022";"Vente";68820;34;"";"RUE";"0380";"DU MONT MOUCHET";15130;"ARPAJON-SUR-CERE";"15";12;NA;"AD";29;"";"13";44,84;"";NA;"";NA;NA;NA;NA;NA;1;2;"Appartement";NA;45;2;"";"";NA
"616883";"15012";NA;NA;NA;NA;NA;NA;NA;1;"01/07/2022";"Vente";145000;4;"";"IMP";"0601";"DES BRUYERES";15130;"ARPAJON-SUR-CERE";"15";12;NA;"AT";95;"";"46";69,34;"";NA;"";NA;NA;NA;NA;NA;1;1;"Maison";NA;70;3;"";"";NA
"617009";"15012";NA;NA;NA;NA;NA;NA;NA;1;"29/06/2022";"Vente en l'état futur d'achèvement";262000;NA;"";"AV";"0240";"DU GENERAL MILHAUD";15130;"ARPAJON-SUR-CERE";"15";12;NA;"AD";569;"";"24";NA;"";NA;"";NA;NA;NA;NA;NA;1;NA;"";NA;NA;NA;"";"";NA
"617010";"15012";NA;NA;NA;NA;NA;NA;NA;1;"29/06/2022";"Vente en l'état futur d'achèvement";262000;NA;"";"AV";"0240";"DU GENERAL MILHAUD";15130;"ARPAJON-SUR-CERE";"15";12;NA;"AD";569;"";"4";NA;"";NA;"";NA;NA;NA;NA;NA;1;NA;"";NA;NA;NA;"";"";NA
"617012";"15012";NA;NA;NA;NA;NA;NA;NA;1;"29/06/2022";"Vente en l'état futur d'achèvement";197000;NA;"";"AV";"0240";"DU GENERAL MILHAUD";15130;"ARPAJON-SUR-CERE";"15";12;NA;"AD";569;"";"5";NA;"";NA;"";NA;NA;NA;NA;NA;1;NA;"";NA;NA;NA;"";"";NA
"617013";"15012";NA;NA;NA;NA;NA;NA;NA;1;"29/06/2022";"Vente en l'état futur d'achèvement";197000;NA;"";"AV";"0240";"DU GENERAL MILHAUD";15130;"ARPAJON-SUR-CERE";"15";12;NA;"AD";569;"";"27";NA;"";NA;"";NA;NA;NA;NA;NA;1;NA;"";NA;NA;NA;"";"";NA
"617292";"15012";NA;NA;NA;NA;NA;NA;NA;1;"22/07/2022";"Vente en l'état futur d'achèvement";138000;NA;"";"AV";"0240";"DU GENERAL MILHAUD";15130;"ARPAJON-SUR-CERE";"15";12;NA;"AD";569;"";"13";NA;"";NA;"";NA;NA;NA;NA;NA;1;NA;"";NA;NA;NA;"";"";NA
"617293";"15012";NA;NA;NA;NA;NA;NA;NA;1;"22/07/2022";"Vente en l'état futur d'achèvement";138000;NA;"";"AV";"0240";"DU GENERAL MILHAUD";15130;"ARPAJON-SUR-CERE";"15";12;NA;"AD";569;"";"37";NA;"";NA;"";NA;NA;NA;NA;NA;1;NA;"";NA;NA;NA;"";"";NA
"617341";"15012";NA;NA;NA;NA;NA;NA;NA;1;"23/07/2022";"Vente";67390;2;"B";"RUE";"0438";"DES PRADELS";15130;"ARPAJON-SUR-CERE";"15";12;NA;"AT";173;"";"58";NA;"";NA;"";NA;NA;NA;NA;NA;1;3;"Dépendance";NA;0;0;"";"";NA
"617342";"15012";NA;NA;NA;NA;NA;NA;NA;1;"23/07/2022";"Vente";67390;2;"B";"RUE";"0438";"DES PRADELS";15130;"ARPAJON-SUR-CERE";"15";12;NA;"AT";173;"";"333";34,36;"";NA;"";NA;NA;NA;NA;NA;1;2;"Appartement";NA;35;2;"";"";NA
"617343";"15012";NA;NA;NA;NA;NA;NA;NA;1;"23/07/2022";"Vente";67390;2;"B";"RUE";"0438";"DES PRADELS";15130;"ARPAJON-SUR-CERE";"15";12;NA;"AT";173;"";"81";NA;"";NA;"";NA;NA;NA;NA;NA;1;3;"Dépendance";NA;0;0;"";"";NA
"617347";"15012";NA;NA;NA;NA;NA;NA;NA;1;"26/07/2022";"Vente";90000;NA;"";"RTE";"0375";"DE MILLY";15130;"ARPAJON-SUR-CERE";"15";12;NA;"AW";174;"";"";NA;"";NA;"";NA;NA;NA;NA;NA;0;NA;"";NA;NA;NA;"L";"";480
"617348";"15012";NA;NA;NA;NA;NA;NA;NA;1;"26/07/2022";"Vente";90000;19;"";"RTE";"0375";"DE MILLY";15130;"ARPAJON-SUR-CERE";"15";12;NA;"AW";232;"";"";NA;"";NA;"";NA;NA;NA;NA;NA;0;NA;"";NA;NA;NA;"P";"";3132
"617349";"15012";NA;NA;NA;NA;NA;NA;NA;1;"26/07/2022";"Vente";90000;NA;"";"RTE";"0375";"DE MILLY";15130;"ARPAJON-SUR-CERE";"15";12;NA;"AW";233;"";"";NA;"";NA;"";NA;NA;NA;NA;NA;0;NA;"";NA;NA;NA;"P";"";154
"617359";"15012";NA;NA;NA;NA;NA;NA;NA;1;"19/07/2022";"Vente";65000;18;"T";"RUE";"0020";"ANTONIN DUSSERRE";15130;"ARPAJON-SUR-CERE";"15";12;NA;"AP";17;"";"";NA;"";NA;"";NA;NA;NA;NA;NA;0;1;"Maison";NA;30;1;"J";"";566
"617360";"15012";NA;NA;NA;NA;NA;NA;NA;1;"19/07/2022";"Vente";65000;18;"T";"RUE";"0020";"ANTONIN DUSSERRE";15130;"ARPAJON-SUR-CERE";"15";12;NA;"AP";17;"";"";NA;"";NA;"";NA;NA;NA;NA;NA;0;1;"Maison";NA;30;1;"S";"";45
"617361";"15012";NA;NA;NA;NA;NA;NA;NA;1;"19/07/2022";"Vente";65000;16;"";"RUE";"0020";"ANTONIN DUSSERRE";15130;"ARPAJON-SUR-CERE";"15";12;NA;"AP";198;"";"";NA;"";NA;"";NA;NA;NA;NA;NA;0;1;"Maison";NA;36;1;"S";"";103
"617709";"15012";NA;NA;NA;NA;NA;NA;NA;1;"12/07/2022";"Vente";257000;7210;"";"";"B135";"LES CROZES";15130;"ARPAJON-SUR-CERE";"15";12;NA;"AP";280;"";"";NA;"";NA;"";NA;NA;NA;NA;NA;0;3;"Dépendance";NA;0;0;"S";"";599
"617710";"15012";NA;NA;NA;NA;NA;NA;NA;1;"12/07/2022";"Vente";257000;7210;"";"";"B135";"LES CROZES";15130;"ARPAJON-SUR-CERE";"15";12;NA;"AP";280;"";"";NA;"";NA;"";NA;NA;NA;NA;NA;0;1;"Maison";NA;126;6;"S";"";599
"617812";"15012";NA;NA;NA;NA;NA;NA;NA;1;"21/07/2022";"Vente";87230;28;"";"RUE";"0160";"FELIX RAMOND";15130;"ARPAJON-SUR-CERE";"15";12;NA;"AE";296;"2";"";NA;"";NA;"";NA;NA;NA;NA;NA;0;NA;"";NA;NA;NA;"";"";NA
"617948";"15012";NA;NA;NA;NA;NA;NA;NA;1;"29/07/2022";"Vente";43000;27;"";"RUE";"0160";"FELIX RAMOND";15130;"ARPAJON-SUR-CERE";"15";12;NA;"AE";121;"";"1";54,12;"";NA;"";NA;NA;NA;NA;NA;1;2;"Appartement";NA;54;2;"";"";NA
"618094";"15012";NA;NA;NA;NA;NA;NA;NA;1;"30/07/2022";"Vente";251050;611;"";"RTE";"0327";"DE LABROUSSE";15130;"ARPAJON-SUR-CERE";"15";12;NA;"AM";12;"";"";NA;"";NA;"";NA;NA;NA;NA;NA;0;1;"Maison";NA;99;6;"S";"";451
"618095";"15012";NA;NA;NA;NA;NA;NA;NA;1;"30/07/2022";"Vente";251050;611;"";"RTE";"0327";"DE LABROUSSE";15130;"ARPAJON-SUR-CERE";"15";12;NA;"AM";12;"";"";NA;"";NA;"";NA;NA;NA;NA;NA;0;1;"Maison";NA;99;6;"P";"";854
"618096";"15012";NA;NA;NA;NA;NA;NA;NA;1;"30/07/2022";"Vente";251050;611;"";"RTE";"0327";"DE LABROUSSE";15130;"ARPAJON-SUR-CERE";"15";12;NA;"AM";12;"";"";NA;"";NA;"";NA;NA;NA;NA;NA;0;1;"Maison";NA;99;6;"AG";"";1530
"618099";"15012";NA;NA;NA;NA;NA;NA;NA;1;"02/08/2022";"Vente";1000;NA;"";"";"B308";"LES PUECHS";15130;"ARPAJON-SUR-CERE";"15";12;NA;"C";505;"";"";NA;"";NA;"";NA;NA;NA;NA;NA;0;NA;"";NA;NA;NA;"T";"";2950
"618100";"15012";NA;NA;NA;NA;NA;NA;NA;1;"02/08/2022";"Vente";1000;NA;"";"";"B308";"LES PUECHS";15130;"ARPAJON-SUR-CERE";"15";12;NA;"C";506;"";"";NA;"";NA;"";NA;NA;NA;NA;NA;0;NA;"";NA;NA;NA;"BF";"CHENE";1580
"618101";"15012";NA;NA;NA;NA;NA;NA;NA;1;"02/08/2022";"Vente";1000;NA;"";"";"B144";"LES ENFOURNOUS";15130;"ARPAJON-SUR-CERE";"15";12;NA;"K";402;"";"";NA;"";NA;"";NA;NA;NA;NA;NA;0;NA;"";NA;NA;NA;"BT";"";1006
"618102";"15012";NA;NA;NA;NA;NA;NA;NA;1;"02/08/2022";"Vente";1000;NA;"";"";"B144";"LES ENFOURNOUS";15130;"ARPAJON-SUR-CERE";"15";12;NA;"K";403;"";"";NA;"";NA;"";NA;NA;NA;NA;NA;0;NA;"";NA;NA;NA;"L";"";2670
"618120";"15012";NA;NA;NA;NA;NA;NA;NA;1;"15/07/2022";"Vente";64880;NA;"";"";"B101";"CHAMPS DES ROUETS";15130;"ARPAJON-SUR-CERE";"15";12;NA;"AP";340;"";"";NA;"";NA;"";NA;NA;NA;NA;NA;0;NA;"";NA;NA;NA;"AB";"";811
"618168";"15012";NA;NA;NA;NA;NA;NA;NA;1;"03/08/2022";"Vente";24000;NA;"";"RUE";"0180";"DE L EGALITE";15130;"ARPAJON-SUR-CERE";"15";12;NA;"AK";27;"";"";NA;"";NA;"";NA;NA;NA;NA;NA;0;NA;"";NA;NA;NA;"J";"";604
"618422";"15012";NA;NA;NA;NA;NA;NA;NA;2;"09/08/2022";"Vente";50000;NA;"";"";"B340";"SENILHES";15130;"ARPAJON-SUR-CERE";"15";12;NA;"I";757;"";"";NA;"";NA;"";NA;NA;NA;NA;NA;0;NA;"";NA;NA;NA;"T";"";1782
"618426";"15012";NA;NA;NA;NA;NA;NA;NA;1;"10/08/2022";"Vente";52000;2;"B";"RUE";"0438";"DES PRADELS";15130;"ARPAJON-SUR-CERE";"15";12;NA;"AT";173;"";"193";NA;"";NA;"";NA;NA;NA;NA;NA;1;3;"Dépendance";NA;0;0;"";"";NA
"618427";"15012";NA;NA;NA;NA;NA;NA;NA;1;"10/08/2022";"Vente";52000;2;"B";"RUE";"0438";"DES PRADELS";15130;"ARPAJON-SUR-CERE";"15";12;NA;"AT";173;"";"359";NA;"";NA;"";NA;NA;NA;NA;NA;1;2;"Appartement";NA;45;2;"";"";NA
"618428";"15012";NA;NA;NA;NA;NA;NA;NA;1;"10/08/2022";"Vente";52000;2;"B";"RUE";"0438";"DES PRADELS";15130;"ARPAJON-SUR-CERE";"15";12;NA;"AT";173;"";"109";NA;"";NA;"";NA;NA;NA;NA;NA;1;3;"Dépendance";NA;0;0;"";"";NA
"618517";"15012";NA;NA;NA;NA;NA;NA;NA;1;"23/07/2022";"Vente";185300;20;"";"CITE";"A005";"JEAN MOULIN";15130;"ARPAJON-SUR-CERE";"15";12;NA;"AP";48;"";"";NA;"";NA;"";NA;NA;NA;NA;NA;0;1;"Maison";NA;96;5;"S";"";724
"618620";"15012";NA;NA;NA;NA;NA;NA;NA;1;"01/08/2022";"Vente";58000;2;"B";"RUE";"0438";"DES PRADELS";15130;"ARPAJON-SUR-CERE";"15";12;NA;"AT";173;"";"98";NA;"";NA;"";NA;NA;NA;NA;NA;1;3;"Dépendance";NA;0;0;"";"";NA
"618621";"15012";NA;NA;NA;NA;NA;NA;NA;1;"01/08/2022";"Vente";58000;2;"B";"RUE";"0438";"DES PRADELS";15130;"ARPAJON-SUR-CERE";"15";12;NA;"AT";173;"";"114";NA;"";NA;"";NA;NA;NA;NA;NA;1;3;"Dépendance";NA;0;0;"";"";NA
"618622";"15012";NA;NA;NA;NA;NA;NA;NA;1;"01/08/2022";"Vente";58000;2;"B";"RUE";"0438";"DES PRADELS";15130;"ARPAJON-SUR-CERE";"15";12;NA;"AT";173;"";"353";45,05;"";NA;"";NA;NA;NA;NA;NA;1;2;"Appartement";NA;45;2;"";"";NA
"619151";"15012";NA;NA;NA;NA;NA;NA;NA;1;"01/09/2022";"Vente";230400;3;"B";"RTE";"0116";"DES CHENES";15130;"ARPAJON-SUR-CERE";"15";12;NA;"AW";271;"";"";NA;"";NA;"";NA;NA;NA;NA;NA;0;1;"Maison";NA;85;4;"S";"";703
"619152";"15012";NA;NA;NA;NA;NA;NA;NA;1;"01/09/2022";"Vente";230400;3;"B";"RTE";"0116";"DES CHENES";15130;"ARPAJON-SUR-CERE";"15";12;NA;"AW";271;"";"";NA;"";NA;"";NA;NA;NA;NA;NA;0;3;"Dépendance";NA;0;0;"S";"";703
"619153";"15012";NA;NA;NA;NA;NA;NA;NA;1;"01/09/2022";"Vente";230400;NA;"";"";"B048";"BOSCAS";15130;"ARPAJON-SUR-CERE";"15";12;NA;"AW";272;"";"";NA;"";NA;"";NA;NA;NA;NA;NA;0;NA;"";NA;NA;NA;"P";"";172
"619227";"15012";NA;NA;NA;NA;NA;NA;NA;1;"30/08/2022";"Vente";73250;2;"B";"RUE";"0438";"DES PRADELS";15130;"ARPAJON-SUR-CERE";"15";12;NA;"AT";173;"";"62";NA;"";NA;"";NA;NA;NA;NA;NA;1;3;"Dépendance";NA;0;0;"";"";NA
"619228";"15012";NA;NA;NA;NA;NA;NA;NA;1;"30/08/2022";"Vente";73250;2;"B";"RUE";"0438";"DES PRADELS";15130;"ARPAJON-SUR-CERE";"15";12;NA;"AT";173;"";"77";NA;"";NA;"";NA;NA;NA;NA;NA;1;3;"Dépendance";NA;0;0;"";"";NA
"619229";"15012";NA;NA;NA;NA;NA;NA;NA;1;"30/08/2022";"Vente";73250;2;"B";"RUE";"0438";"DES PRADELS";15130;"ARPAJON-SUR-CERE";"15";12;NA;"AT";173;"";"334";34,45;"";NA;"";NA;NA;NA;NA;NA;1;2;"Appartement";NA;35;2;"";"";NA
"619466";"15012";NA;NA;NA;NA;NA;NA;NA;2;"13/09/2022";"Vente";1;NA;"";"";"B085";"CARSAC";15130;"ARPAJON-SUR-CERE";"15";12;NA;"E";649;"";"";NA;"";NA;"";NA;NA;NA;NA;NA;0;NA;"";NA;NA;NA;"S";"";60
"619565";"15012";NA;NA;NA;NA;NA;NA;NA;1;"22/09/2022";"Vente";25000;NA;"";"";"B347";"TABEIZE";15130;"ARPAJON-SUR-CERE";"15";12;NA;"BC";115;"";"";NA;"";NA;"";NA;NA;NA;NA;NA;0;NA;"";NA;NA;NA;"P";"";17039
"619703";"15012";NA;NA;NA;NA;NA;NA;NA;1;"16/09/2022";"Vente";132000;12;"";"RUE";"0500";"DE LA SABLIERE";15130;"ARPAJON-SUR-CERE";"15";12;NA;"AD";305;"";"";NA;"";NA;"";NA;NA;NA;NA;NA;0;1;"Maison";NA;77;5;"S";"";705
"619723";"15012";NA;NA;NA;NA;NA;NA;NA;1;"28/09/2022";"Vente";45300;5656;"";"";"B331";"LA SABLIERE";15000;"ARPAJON-SUR-CERE";"15";12;NA;"BK";15;"";"";NA;"";NA;"";NA;NA;NA;NA;NA;0;1;"Maison";NA;20;2;"T";"";733
"619724";"15012";NA;NA;NA;NA;NA;NA;NA;1;"28/09/2022";"Vente";45300;5656;"";"";"B331";"LA SABLIERE";15000;"ARPAJON-SUR-CERE";"15";12;NA;"BK";15;"";"";NA;"";NA;"";NA;NA;NA;NA;NA;0;1;"Maison";NA;20;2;"J";"";419
"619725";"15012";NA;NA;NA;NA;NA;NA;NA;1;"28/09/2022";"Vente";45300;5656;"";"";"B331";"LA SABLIERE";15000;"ARPAJON-SUR-CERE";"15";12;NA;"BK";15;"";"";NA;"";NA;"";NA;NA;NA;NA;NA;0;1;"Maison";NA;20;2;"S";"";21
"619726";"15012";NA;NA;NA;NA;NA;NA;NA;1;"28/09/2022";"Vente";45300;5656;"";"";"B331";"LA SABLIERE";15000;"ARPAJON-SUR-CERE";"15";12;NA;"BK";15;"";"";NA;"";NA;"";NA;NA;NA;NA;NA;0;3;"Dépendance";NA;0;0;"T";"";733
"619727";"15012";NA;NA;NA;NA;NA;NA;NA;1;"28/09/2022";"Vente";45300;5656;"";"";"B331";"LA SABLIERE";15000;"ARPAJON-SUR-CERE";"15";12;NA;"BK";15;"";"";NA;"";NA;"";NA;NA;NA;NA;NA;0;3;"Dépendance";NA;0;0;"S";"";21
"619728";"15012";NA;NA;NA;NA;NA;NA;NA;1;"28/09/2022";"Vente";45300;5656;"";"";"B331";"LA SABLIERE";15000;"ARPAJON-SUR-CERE";"15";12;NA;"BK";15;"";"";NA;"";NA;"";NA;NA;NA;NA;NA;0;3;"Dépendance";NA;0;0;"J";"";419
"619799";"15012";NA;NA;NA;NA;NA;NA;NA;1;"21/09/2022";"Vente";90000;9;"";"CITE";"A064";"DES SABLONS";15130;"ARPAJON-SUR-CERE";"15";12;NA;"BK";122;"";"";NA;"";NA;"";NA;NA;NA;NA;NA;0;1;"Maison";NA;94;4;"S";"";500
"619800";"15012";NA;NA;NA;NA;NA;NA;NA;1;"21/09/2022";"Vente";90000;9;"";"CITE";"A064";"DES SABLONS";15130;"ARPAJON-SUR-CERE";"15";12;NA;"BK";122;"";"";NA;"";NA;"";NA;NA;NA;NA;NA;0;1;"Maison";NA;94;4;"AG";"";716
"619803";"15012";NA;NA;NA;NA;NA;NA;NA;1;"02/09/2022";"Vente en l'état futur d'achèvement";113190;NA;"";"AV";"0240";"DU GENERAL MILHAUD";15130;"ARPAJON-SUR-CERE";"15";12;NA;"AD";569;"";"20";NA;"";NA;"";NA;NA;NA;NA;NA;1;NA;"";NA;NA;NA;"";"";NA
"619838";"15012";NA;NA;NA;NA;NA;NA;NA;1;"21/09/2022";"Vente";194900;3;"";"SQ";"0415";"JACQUES OFFENBACH";15130;"ARPAJON-SUR-CERE";"15";12;NA;"AN";116;"";"";NA;"";NA;"";NA;NA;NA;NA;NA;0;1;"Maison";NA;99;5;"S";"";645
"619887";"15012";NA;NA;NA;NA;NA;NA;NA;1;"24/09/2022";"Vente";122955;NA;"";"";"B127";"COUFINS";15130;"ARPAJON-SUR-CERE";"15";12;NA;"C";462;"";"";NA;"";NA;"";NA;NA;NA;NA;NA;0;NA;"";NA;NA;NA;"J";"";518
"619888";"15012";NA;NA;NA;NA;NA;NA;NA;1;"24/09/2022";"Vente";122955;640;"";"RTE";"0521";"DE LA VALLEE";15130;"ARPAJON-SUR-CERE";"15";12;NA;"C";463;"";"";NA;"";NA;"";NA;NA;NA;NA;NA;0;1;"Maison";NA;70;2;"S";"";126
"619918";"15012";NA;NA;NA;NA;NA;NA;NA;1;"22/09/2022";"Vente";1e+05;30;"B";"AV";"0240";"DU GENERAL MILHAUD";15130;"ARPAJON-SUR-CERE";"15";12;NA;"AD";232;"";"19";62,88;"7";NA;"";NA;NA;NA;NA;NA;2;2;"Appartement";NA;64;3;"";"";NA
"619919";"15012";NA;NA;NA;NA;NA;NA;NA;1;"22/09/2022";"Vente";1e+05;30;"B";"AV";"0240";"DU GENERAL MILHAUD";15130;"ARPAJON-SUR-CERE";"15";12;NA;"AD";232;"";"28";NA;"";NA;"";NA;NA;NA;NA;NA;1;3;"Dépendance";NA;0;0;"";"";NA
"619920";"15012";NA;NA;NA;NA;NA;NA;NA;1;"22/09/2022";"Vente";1e+05;30;"B";"AV";"0240";"DU GENERAL MILHAUD";15130;"ARPAJON-SUR-CERE";"15";12;NA;"AD";232;"";"19";62,88;"7";NA;"";NA;NA;NA;NA;NA;2;3;"Dépendance";NA;0;0;"";"";NA
"620261";"15012";NA;NA;NA;NA;NA;NA;NA;1;"16/09/2022";"Vente";295500;6;"";"CITE";"0560";"DE PLEAU";15130;"ARPAJON-SUR-CERE";"15";12;NA;"AS";418;"";"";NA;"";NA;"";NA;NA;NA;NA;NA;0;3;"Dépendance";NA;0;0;"S";"";888
"620262";"15012";NA;NA;NA;NA;NA;NA;NA;1;"16/09/2022";"Vente";295500;6;"";"CITE";"0560";"DE PLEAU";15130;"ARPAJON-SUR-CERE";"15";12;NA;"AS";418;"";"";NA;"";NA;"";NA;NA;NA;NA;NA;0;1;"Maison";NA;110;4;"S";"";888
"620419";"15012";NA;NA;NA;NA;NA;NA;NA;1;"04/10/2022";"Vente";160000;NA;"";"";"B329";"ROUTE DE LA GARE";15130;"ARPAJON-SUR-CERE";"15";12;NA;"AH";87;"";"";NA;"";NA;"";NA;NA;NA;NA;NA;0;NA;"";NA;NA;NA;"S";"";1212
"620420";"15012";NA;NA;NA;NA;NA;NA;NA;1;"04/10/2022";"Vente";160000;NA;"";"";"B329";"ROUTE DE LA GARE";15130;"ARPAJON-SUR-CERE";"15";12;NA;"AH";89;"";"";NA;"";NA;"";NA;NA;NA;NA;NA;0;NA;"";NA;NA;NA;"PA";"";2654
"620421";"15012";NA;NA;NA;NA;NA;NA;NA;1;"04/10/2022";"Vente";160000;NA;"";"AV";"0220";"DU GENERAL LECLERC";15130;"ARPAJON-SUR-CERE";"15";12;NA;"AH";238;"";"";NA;"";NA;"";NA;NA;NA;NA;NA;0;NA;"";NA;NA;NA;"S";"";185
"620454";"15012";NA;NA;NA;NA;NA;NA;NA;1;"11/10/2022";"Vente";85000;54;"B";"RUE";"0320";"JEAN TOYRE";15130;"ARPAJON-SUR-CERE";"15";12;NA;"AS";111;"";"";NA;"";NA;"";NA;NA;NA;NA;NA;0;1;"Maison";NA;71;3;"S";"";585
"620455";"15012";NA;NA;NA;NA;NA;NA;NA;1;"11/10/2022";"Vente";85000;NA;"";"RUE";"0320";"JEAN TOYRE";15130;"ARPAJON-SUR-CERE";"15";12;NA;"AS";354;"";"";NA;"";NA;"";NA;NA;NA;NA;NA;0;NA;"";NA;NA;NA;"P";"";671
"620669";"15012";NA;NA;NA;NA;NA;NA;NA;1;"23/09/2022";"Vente";57500;NA;"";"CHEM";"0049";"DU BOUSQUET";15130;"ARPAJON-SUR-CERE";"15";12;NA;"BD";159;"";"";NA;"";NA;"";NA;NA;NA;NA;NA;0;NA;"";NA;NA;NA;"J";"";1035
"620856";"15012";NA;NA;NA;NA;NA;NA;NA;1;"01/10/2022";"Vente";154000;54;"";"RUE";"0438";"DES PRADELS";15130;"ARPAJON-SUR-CERE";"15";12;NA;"AT";89;"";"";NA;"";NA;"";NA;NA;NA;NA;NA;0;1;"Maison";NA;91;5;"S";"";265
"620858";"15012";NA;NA;NA;NA;NA;NA;NA;1;"07/10/2022";"Vente";47000;2;"B";"RUE";"0438";"DES PRADELS";15130;"ARPAJON-SUR-CERE";"15";12;NA;"AT";173;"";"90";NA;"";NA;"";NA;NA;NA;NA;NA;1;3;"Dépendance";NA;0;0;"";"";NA
"620859";"15012";NA;NA;NA;NA;NA;NA;NA;1;"07/10/2022";"Vente";47000;2;"B";"RUE";"0438";"DES PRADELS";15130;"ARPAJON-SUR-CERE";"15";12;NA;"AT";173;"";"344";34,67;"";NA;"";NA;NA;NA;NA;NA;1;2;"Appartement";NA;35;2;"";"";NA
"620860";"15012";NA;NA;NA;NA;NA;NA;NA;1;"07/10/2022";"Vente";47000;2;"B";"RUE";"0438";"DES PRADELS";15130;"ARPAJON-SUR-CERE";"15";12;NA;"AT";173;"";"72";NA;"";NA;"";NA;NA;NA;NA;NA;1;3;"Dépendance";NA;0;0;"";"";NA
"620951";"15012";NA;NA;NA;NA;NA;NA;NA;1;"08/10/2022";"Vente";40526,27;23;"";"";"0434";"LOT DU PONT DU MAMOU";15130;"ARPAJON-SUR-CERE";"15";12;NA;"AC";20;"";"";NA;"";NA;"";NA;NA;NA;NA;NA;0;1;"Maison";NA;114;5;"S";"";649
"620973";"15012";NA;NA;NA;NA;NA;NA;NA;1;"11/10/2022";"Vente";4978;NA;"";"";"B270";"LA PRADE";15130;"ARPAJON-SUR-CERE";"15";12;NA;"E";251;"";"";NA;"";NA;"";NA;NA;NA;NA;NA;0;NA;"";NA;NA;NA;"P";"";5240
"621145";"15012";NA;NA;NA;NA;NA;NA;NA;1;"27/10/2022";"Vente";950000;2;"";"RUE";"0221";"DES FRERES LUMIERE";15130;"ARPAJON-SUR-CERE";"15";12;NA;"AA";62;"";"";NA;"";NA;"";NA;NA;NA;NA;NA;0;4;"Local industriel. commercial ou assimilé";NA;600;0;"S";"";1350
"621146";"15012";NA;NA;NA;NA;NA;NA;NA;1;"27/10/2022";"Vente";950000;NA;"";"RUE";"0221";"DES FRERES LUMIERE";15130;"ARPAJON-SUR-CERE";"15";12;NA;"AA";63;"";"";NA;"";NA;"";NA;NA;NA;NA;NA;0;NA;"";NA;NA;NA;"S";"";2825
"621147";"15012";NA;NA;NA;NA;NA;NA;NA;1;"27/10/2022";"Vente";950000;2;"";"RUE";"0221";"DES FRERES LUMIERE";15130;"ARPAJON-SUR-CERE";"15";12;NA;"AA";71;"";"";NA;"";NA;"";NA;NA;NA;NA;NA;0;4;"Local industriel. commercial ou assimilé";NA;270;0;"S";"";3118
"621148";"15012";NA;NA;NA;NA;NA;NA;NA;1;"27/10/2022";"Vente";950000;NA;"";"";"B284";"PRAT BEZIERS";15130;"ARPAJON-SUR-CERE";"15";12;NA;"AA";72;"";"";NA;"";NA;"";NA;NA;NA;NA;NA;0;NA;"";NA;NA;NA;"S";"";440
"621149";"15012";NA;NA;NA;NA;NA;NA;NA;1;"27/10/2022";"Vente";950000;NA;"";"";"B284";"PRAT BEZIERS";15130;"ARPAJON-SUR-CERE";"15";12;NA;"AA";74;"";"";NA;"";NA;"";NA;NA;NA;NA;NA;0;NA;"";NA;NA;NA;"S";"";1000
"621150";"15012";NA;NA;NA;NA;NA;NA;NA;1;"27/10/2022";"Vente";950000;9002;"";"RUE";"0221";"DES FRERES LUMIERE";15130;"ARPAJON-SUR-CERE";"15";12;NA;"AA";75;"";"";NA;"";NA;"";NA;NA;NA;NA;NA;0;4;"Local industriel. commercial ou assimilé";NA;4940;0;"S";"";3340
"621151";"15012";NA;NA;NA;NA;NA;NA;NA;1;"27/10/2022";"Vente";950000;NA;"";"RUE";"0221";"DES FRERES LUMIERE";15130;"ARPAJON-SUR-CERE";"15";12;NA;"AA";80;"";"";NA;"";NA;"";NA;NA;NA;NA;NA;0;NA;"";NA;NA;NA;"S";"";160
"621256";"15012";NA;NA;NA;NA;NA;NA;NA;1;"18/10/2022";"Vente";1;NA;"";"";"B015";"BAUDIERES";15130;"ARPAJON-SUR-CERE";"15";12;NA;"AY";103;"";"";NA;"";NA;"";NA;NA;NA;NA;NA;0;NA;"";NA;NA;NA;"S";"";156
"621257";"15012";NA;NA;NA;NA;NA;NA;NA;1;"18/10/2022";"Vente";1;NA;"";"";"B015";"BAUDIERES";15130;"ARPAJON-SUR-CERE";"15";12;NA;"AY";109;"";"";NA;"";NA;"";NA;NA;NA;NA;NA;0;NA;"";NA;NA;NA;"T";"";438
"621258";"15012";NA;NA;NA;NA;NA;NA;NA;1;"18/10/2022";"Vente";1;24;"";"CHE";"0485";"DES RIVES";15130;"ARPAJON-SUR-CERE";"15";12;NA;"AP";204;"";"";NA;"";NA;"";NA;NA;NA;NA;NA;0;NA;"";NA;NA;NA;"AB";"";85
"621263";"15012";NA;NA;NA;NA;NA;NA;NA;2;"18/10/2022";"Vente";1;NA;"";"";"B371";"LE BOURG NORD";15130;"ARPAJON-SUR-CERE";"15";12;NA;"AD";593;"";"";NA;"";NA;"";NA;NA;NA;NA;NA;0;NA;"";NA;NA;NA;"S";"";27
"621362";"15012";NA;NA;NA;NA;NA;NA;NA;1;"18/10/2022";"Vente";1180;NA;"";"";"B085";"CARSAC";15130;"ARPAJON-SUR-CERE";"15";12;NA;"E";85;"";"";NA;"";NA;"";NA;NA;NA;NA;NA;0;NA;"";NA;NA;NA;"PA";"";855
"621603";"15012";NA;NA;NA;NA;NA;NA;NA;1;"20/10/2022";"Vente";123500;247;"";"RTE";"0521";"DE LA VALLEE";15130;"ARPAJON-SUR-CERE";"15";12;NA;"C";596;"";"";NA;"";NA;"";NA;NA;NA;NA;NA;0;1;"Maison";NA;68;5;"S";"";437
"621604";"15012";NA;NA;NA;NA;NA;NA;NA;1;"20/10/2022";"Vente";123500;NA;"";"RTE";"0521";"DE LA VALLEE";15130;"ARPAJON-SUR-CERE";"15";12;NA;"C";920;"";"";NA;"";NA;"";NA;NA;NA;NA;NA;0;NA;"";NA;NA;NA;"AG";"";910
"621605";"15012";NA;NA;NA;NA;NA;NA;NA;1;"20/10/2022";"Vente";123500;610;"";"RTE";"0521";"DE LA VALLEE";15130;"ARPAJON-SUR-CERE";"15";12;NA;"C";1010;"";"";NA;"";NA;"";NA;NA;NA;NA;NA;0;NA;"";NA;NA;NA;"J";"";301
"621688";"15012";NA;NA;NA;NA;NA;NA;NA;1;"02/11/2022";"Vente";213000;590;"";"AV";"0295";"JEAN FERRAT";15130;"ARPAJON-SUR-CERE";"15";12;NA;"AV";11;"";"";NA;"";NA;"";NA;NA;NA;NA;NA;0;1;"Maison";NA;90;4;"T";"";983
"621689";"15012";NA;NA;NA;NA;NA;NA;NA;1;"02/11/2022";"Vente";213000;590;"";"AV";"0295";"JEAN FERRAT";15130;"ARPAJON-SUR-CERE";"15";12;NA;"AV";11;"";"";NA;"";NA;"";NA;NA;NA;NA;NA;0;1;"Maison";NA;90;4;"S";"";1023
"621825";"15012";NA;NA;NA;NA;NA;NA;NA;1;"05/11/2022";"Vente";199500;NA;"";"";"B297";"PRES DE GANE";15130;"ARPAJON-SUR-CERE";"15";12;NA;"AM";53;"";"";NA;"";NA;"";NA;NA;NA;NA;NA;0;NA;"";NA;NA;NA;"AG";"";190
"621826";"15012";NA;NA;NA;NA;NA;NA;NA;1;"05/11/2022";"Vente";199500;NA;"";"";"B297";"PRES DE GANE";15130;"ARPAJON-SUR-CERE";"15";12;NA;"AM";56;"";"";NA;"";NA;"";NA;NA;NA;NA;NA;0;NA;"";NA;NA;NA;"AB";"RUE";45
"621827";"15012";NA;NA;NA;NA;NA;NA;NA;1;"05/11/2022";"Vente";199500;3;"";"SQ";"0258";"HENRI MONDOR";15130;"ARPAJON-SUR-CERE";"15";12;NA;"AM";64;"";"";NA;"";NA;"";NA;NA;NA;NA;NA;0;1;"Maison";NA;102;5;"S";"";917
"621828";"15012";NA;NA;NA;NA;NA;NA;NA;1;"05/11/2022";"Vente";199500;3;"";"SQ";"0258";"HENRI MONDOR";15130;"ARPAJON-SUR-CERE";"15";12;NA;"AM";64;"";"";NA;"";NA;"";NA;NA;NA;NA;NA;0;3;"Dépendance";NA;0;0;"S";"";917
"621939";"15012";NA;NA;NA;NA;NA;NA;NA;1;"16/11/2022";"Vente";60000;2;"B";"RUE";"0438";"DES PRADELS";15130;"ARPAJON-SUR-CERE";"15";12;NA;"AT";173;"";"358";44,95;"";NA;"";NA;NA;NA;NA;NA;1;2;"Appartement";NA;45;2;"";"";NA
"621940";"15012";NA;NA;NA;NA;NA;NA;NA;1;"16/11/2022";"Vente";60000;2;"B";"RUE";"0438";"DES PRADELS";15130;"ARPAJON-SUR-CERE";"15";12;NA;"AT";173;"";"192";NA;"";NA;"";NA;NA;NA;NA;NA;1;3;"Dépendance";NA;0;0;"";"";NA
"621941";"15012";NA;NA;NA;NA;NA;NA;NA;1;"16/11/2022";"Vente";60000;2;"B";"RUE";"0438";"DES PRADELS";15130;"ARPAJON-SUR-CERE";"15";12;NA;"AT";173;"";"108";NA;"";NA;"";NA;NA;NA;NA;NA;1;3;"Dépendance";NA;0;0;"";"";NA
"621986";"15012";NA;NA;NA;NA;NA;NA;NA;1;"08/11/2022";"Vente";70000;2;"B";"RUE";"0438";"DES PRADELS";15130;"ARPAJON-SUR-CERE";"15";12;NA;"AT";173;"";"138";NA;"";NA;"";NA;NA;NA;NA;NA;1;3;"Dépendance";NA;0;0;"";"";NA
"621987";"15012";NA;NA;NA;NA;NA;NA;NA;1;"08/11/2022";"Vente";70000;2;"B";"RUE";"0438";"DES PRADELS";15130;"ARPAJON-SUR-CERE";"15";12;NA;"AT";173;"";"354";45,35;"";NA;"";NA;NA;NA;NA;NA;1;2;"Appartement";NA;45;2;"";"";NA
"621988";"15012";NA;NA;NA;NA;NA;NA;NA;1;"08/11/2022";"Vente";70000;2;"B";"RUE";"0438";"DES PRADELS";15130;"ARPAJON-SUR-CERE";"15";12;NA;"AT";173;"";"102";NA;"";NA;"";NA;NA;NA;NA;NA;1;3;"Dépendance";NA;0;0;"";"";NA
"621997";"15012";NA;NA;NA;NA;NA;NA;NA;1;"10/11/2022";"Vente";207600;24;"";"CHE";"0485";"DES RIVES";15130;"ARPAJON-SUR-CERE";"15";12;NA;"AP";206;"";"";NA;"";NA;"";NA;NA;NA;NA;NA;0;1;"Maison";NA;89;5;"S";"";536
"622246";"15012";NA;NA;NA;NA;NA;NA;NA;1;"08/11/2022";"Vente";144000;8;"";"ALL";"0144";"DES DEUX MONTS";15130;"ARPAJON-SUR-CERE";"15";12;NA;"AT";95;"";"44";NA;"";NA;"";NA;NA;NA;NA;NA;1;1;"Maison";NA;70;3;"";"";NA
"622344";"15012";NA;NA;NA;NA;NA;NA;NA;1;"22/11/2022";"Vente";154000;24;"";"CHE";"0250";"DES GRANGES";15130;"ARPAJON-SUR-CERE";"15";12;NA;"BI";118;"";"";NA;"";NA;"";NA;NA;NA;NA;NA;0;1;"Maison";NA;81;4;"S";"";1090
"622456";"15012";NA;NA;NA;NA;NA;NA;NA;2;"29/11/2022";"Vente";NA;40;"";"RTE";"0047";"DE CABRIERES";15130;"ARPAJON-SUR-CERE";"15";12;NA;"AX";126;"";"";NA;"";NA;"";NA;NA;NA;NA;NA;0;3;"Dépendance";NA;0;0;"";"";NA
"622457";"15012";NA;NA;NA;NA;NA;NA;NA;2;"29/11/2022";"Vente";NA;40;"";"RTE";"0047";"DE CABRIERES";15130;"ARPAJON-SUR-CERE";"15";12;NA;"AX";126;"";"";NA;"";NA;"";NA;NA;NA;NA;NA;0;1;"Maison";NA;96;4;"";"";NA
"622458";"15012";NA;NA;NA;NA;NA;NA;NA;1;"29/11/2022";"Vente";NA;NA;"";"";"B161";"GAROUSTEL";15130;"ARPAJON-SUR-CERE";"15";12;NA;"H";697;"";"";NA;"";NA;"";NA;NA;NA;NA;NA;0;NA;"";NA;NA;NA;"T";"";99
"622459";"15012";NA;NA;NA;NA;NA;NA;NA;1;"29/11/2022";"Vente";NA;NA;"";"LOT";"A045";"LES VIOLETTES";15130;"ARPAJON-SUR-CERE";"15";12;NA;"BK";87;"";"";NA;"";NA;"";NA;NA;NA;NA;NA;0;NA;"";NA;NA;NA;"AB";"RUE";183
"622460";"15012";NA;NA;NA;NA;NA;NA;NA;1;"29/11/2022";"Vente";NA;NA;"";"";"B161";"GAROUSTEL";15130;"ARPAJON-SUR-CERE";"15";12;NA;"H";698;"";"";NA;"";NA;"";NA;NA;NA;NA;NA;0;NA;"";NA;NA;NA;"T";"";101
"622485";"15012";NA;NA;NA;NA;NA;NA;NA;1;"25/11/2022";"Vente";240050;7;"";"CITE";"0117";"DU CLOS VERT";15130;"ARPAJON-SUR-CERE";"15";12;NA;"AS";390;"";"";NA;"";NA;"";NA;NA;NA;NA;NA;0;1;"Maison";NA;107;5;"S";"";876
"622486";"15012";NA;NA;NA;NA;NA;NA;NA;1;"30/11/2022";"Vente";6000;NA;"";"";"B037";"BOIS DE MEREAUX";15130;"ARPAJON-SUR-CERE";"15";12;NA;"I";674;"";"";NA;"";NA;"";NA;NA;NA;NA;NA;0;NA;"";NA;NA;NA;"BT";"";12672
"622487";"15012";NA;NA;NA;NA;NA;NA;NA;1;"30/11/2022";"Vente";6000;NA;"";"";"B037";"BOIS DE MEREAUX";15130;"ARPAJON-SUR-CERE";"15";12;NA;"I";674;"";"";NA;"";NA;"";NA;NA;NA;NA;NA;0;NA;"";NA;NA;NA;"BT";"";12672
"622599";"15012";NA;NA;NA;NA;NA;NA;NA;1;"18/11/2022";"Vente";95000;NA;"";"CITE";"A010";"JULES FERRY";15130;"ARPAJON-SUR-CERE";"15";12;NA;"AC";61;"";"";NA;"";NA;"";NA;NA;NA;NA;NA;0;NA;"";NA;NA;NA;"AG";"";446
"622600";"15012";NA;NA;NA;NA;NA;NA;NA;1;"18/11/2022";"Vente";95000;5180;"A";"";"B314";"QUATRE CARRIERES";15130;"ARPAJON-SUR-CERE";"15";12;NA;"AC";76;"";"";NA;"";NA;"";NA;NA;NA;NA;NA;0;4;"Local industriel. commercial ou assimilé";NA;0;0;"S";"";13
"622601";"15012";NA;NA;NA;NA;NA;NA;NA;1;"18/11/2022";"Vente";95000;5180;"A";"";"B314";"QUATRE CARRIERES";15130;"ARPAJON-SUR-CERE";"15";12;NA;"AC";76;"";"";NA;"";NA;"";NA;NA;NA;NA;NA;0;4;"Local industriel. commercial ou assimilé";NA;0;0;"AB";"RUE";737
"622602";"15012";NA;NA;NA;NA;NA;NA;NA;1;"18/11/2022";"Vente";95000;NA;"";"CITE";"A010";"JULES FERRY";15130;"ARPAJON-SUR-CERE";"15";12;NA;"AD";79;"";"";NA;"";NA;"";NA;NA;NA;NA;NA;0;NA;"";NA;NA;NA;"AG";"";1373
"622603";"15012";NA;NA;NA;NA;NA;NA;NA;1;"18/11/2022";"Vente";95000;5179;"";"CITE";"A010";"JULES FERRY";15130;"ARPAJON-SUR-CERE";"15";12;NA;"AD";80;"";"11";NA;"";NA;"";NA;NA;NA;NA;NA;1;3;"Dépendance";NA;0;0;"";"";NA
"622604";"15012";NA;NA;NA;NA;NA;NA;NA;1;"18/11/2022";"Vente";95000;5179;"";"CITE";"A010";"JULES FERRY";15130;"ARPAJON-SUR-CERE";"15";12;NA;"AD";80;"";"19";NA;"2";77,88;"";NA;NA;NA;NA;NA;2;2;"Appartement";NA;80;4;"";"";NA
"622605";"15012";NA;NA;NA;NA;NA;NA;NA;1;"18/11/2022";"Vente";95000;5179;"";"CITE";"A010";"JULES FERRY";15130;"ARPAJON-SUR-CERE";"15";12;NA;"AD";80;"";"19";NA;"2";77,88;"";NA;NA;NA;NA;NA;2;3;"Dépendance";NA;0;0;"";"";NA
"622606";"15012";NA;NA;NA;NA;NA;NA;NA;1;"18/11/2022";"Vente";95000;NA;"";"";"B379";"QUATRE CARRIERES SUD";15130;"ARPAJON-SUR-CERE";"15";12;NA;"AD";101;"";"";NA;"";NA;"";NA;NA;NA;NA;NA;0;NA;"";NA;NA;NA;"AG";"";2112
"622607";"15012";NA;NA;NA;NA;NA;NA;NA;1;"18/11/2022";"Vente";95000;NA;"";"";"B379";"QUATRE CARRIERES SUD";15130;"ARPAJON-SUR-CERE";"15";12;NA;"AD";103;"";"";NA;"";NA;"";NA;NA;NA;NA;NA;0;NA;"";NA;NA;NA;"AG";"";679
"622608";"15012";NA;NA;NA;NA;NA;NA;NA;1;"18/11/2022";"Vente";95000;NA;"";"";"B314";"QUATRE CARRIERES";15130;"ARPAJON-SUR-CERE";"15";12;NA;"AD";339;"";"";NA;"";NA;"";NA;NA;NA;NA;NA;0;NA;"";NA;NA;NA;"AB";"RUE";5684
"622610";"15012";NA;NA;NA;NA;NA;NA;NA;1;"22/11/2022";"Vente";328050;3;"";"RUE";"0270";"DES HOUX";15130;"ARPAJON-SUR-CERE";"15";12;NA;"E";120;"";"";NA;"";NA;"";NA;NA;NA;NA;NA;0;NA;"";NA;NA;NA;"S";"";28
"622611";"15012";NA;NA;NA;NA;NA;NA;NA;1;"22/11/2022";"Vente";328050;3;"";"RUE";"0270";"DES HOUX";15130;"ARPAJON-SUR-CERE";"15";12;NA;"E";120;"";"";NA;"";NA;"";NA;NA;NA;NA;NA;0;NA;"";NA;NA;NA;"J";"";1292
"622612";"15012";NA;NA;NA;NA;NA;NA;NA;1;"22/11/2022";"Vente";328050;3;"";"RUE";"0270";"DES HOUX";15130;"ARPAJON-SUR-CERE";"15";12;NA;"E";121;"";"";NA;"";NA;"";NA;NA;NA;NA;NA;0;1;"Maison";NA;143;5;"S";"";106
"622613";"15012";NA;NA;NA;NA;NA;NA;NA;1;"22/11/2022";"Vente";328050;3;"";"RUE";"0270";"DES HOUX";15130;"ARPAJON-SUR-CERE";"15";12;NA;"E";121;"";"";NA;"";NA;"";NA;NA;NA;NA;NA;0;3;"Dépendance";NA;0;0;"S";"";106
"622614";"15012";NA;NA;NA;NA;NA;NA;NA;1;"22/11/2022";"Vente";328050;3;"";"RUE";"0270";"DES HOUX";15130;"ARPAJON-SUR-CERE";"15";12;NA;"E";121;"";"";NA;"";NA;"";NA;NA;NA;NA;NA;0;3;"Dépendance";NA;0;0;"S";"";106
"622615";"15012";NA;NA;NA;NA;NA;NA;NA;1;"22/11/2022";"Vente";328050;6159;"";"";"B085";"CARSAC";15130;"ARPAJON-SUR-CERE";"15";12;NA;"E";122;"";"";NA;"";NA;"";NA;NA;NA;NA;NA;0;3;"Dépendance";NA;0;0;"S";"";140
"622616";"15012";NA;NA;NA;NA;NA;NA;NA;1;"22/11/2022";"Vente";328050;NA;"";"";"B085";"CARSAC";15130;"ARPAJON-SUR-CERE";"15";12;NA;"E";123;"";"";NA;"";NA;"";NA;NA;NA;NA;NA;0;NA;"";NA;NA;NA;"P";"";775
"622617";"15012";NA;NA;NA;NA;NA;NA;NA;1;"22/11/2022";"Vente";328050;NA;"";"";"B085";"CARSAC";15130;"ARPAJON-SUR-CERE";"15";12;NA;"E";123;"";"";NA;"";NA;"";NA;NA;NA;NA;NA;0;NA;"";NA;NA;NA;"P";"";775
"622757";"15012";NA;NA;NA;NA;NA;NA;NA;1;"29/11/2022";"Vente";141500;NA;"";"";"B331";"LA SABLIERE";15000;"ARPAJON-SUR-CERE";"15";12;NA;"AD";208;"";"";NA;"";NA;"";NA;NA;NA;NA;NA;0;NA;"";NA;NA;NA;"J";"";326
"622758";"15012";NA;NA;NA;NA;NA;NA;NA;1;"29/11/2022";"Vente";141500;8;"";"PL";"0480";"DE LA REPUBLIQUE";15130;"ARPAJON-SUR-CERE";"15";12;NA;"AE";64;"";"";NA;"";NA;"";NA;NA;NA;NA;NA;0;1;"Maison";NA;100;5;"S";"";105
"622827";"15012";NA;NA;NA;NA;NA;NA;NA;1;"07/12/2022";"Vente";94000;2;"B";"RUE";"0438";"DES PRADELS";15130;"ARPAJON-SUR-CERE";"15";12;NA;"AT";173;"";"386";54,92;"";NA;"";NA;NA;NA;NA;NA;1;2;"Appartement";NA;55;3;"";"";NA
"622828";"15012";NA;NA;NA;NA;NA;NA;NA;1;"07/12/2022";"Vente";94000;2;"B";"RUE";"0438";"DES PRADELS";15130;"ARPAJON-SUR-CERE";"15";12;NA;"AT";173;"";"150";NA;"";NA;"";NA;NA;NA;NA;NA;1;3;"Dépendance";NA;0;0;"";"";NA
"622829";"15012";NA;NA;NA;NA;NA;NA;NA;1;"07/12/2022";"Vente";94000;2;"B";"RUE";"0438";"DES PRADELS";15130;"ARPAJON-SUR-CERE";"15";12;NA;"AT";173;"";"156";NA;"";NA;"";NA;NA;NA;NA;NA;1;3;"Dépendance";NA;0;0;"";"";NA
"622891";"15012";NA;NA;NA;NA;NA;NA;NA;1;"10/12/2022";"Vente";232000;1003;"B";"RTE";"0521";"DE LA VALLEE";15130;"ARPAJON-SUR-CERE";"15";12;NA;"C";1526;"";"";NA;"";NA;"";NA;NA;NA;NA;NA;0;1;"Maison";NA;96;4;"AG";"";556
"622892";"15012";NA;NA;NA;NA;NA;NA;NA;1;"10/12/2022";"Vente";232000;1003;"B";"RTE";"0521";"DE LA VALLEE";15130;"ARPAJON-SUR-CERE";"15";12;NA;"C";1526;"";"";NA;"";NA;"";NA;NA;NA;NA;NA;0;1;"Maison";NA;96;4;"S";"";500
"622893";"15012";NA;NA;NA;NA;NA;NA;NA;1;"10/12/2022";"Vente";232000;1003;"";"RTE";"0521";"DE LA VALLEE";15130;"ARPAJON-SUR-CERE";"15";12;NA;"C";1627;"";"";NA;"";NA;"";NA;NA;NA;NA;NA;0;NA;"";NA;NA;NA;"AG";"";237
"623747";"15012";NA;NA;NA;NA;NA;NA;NA;1;"30/12/2022";"Vente";238880;854;"";"RTE";"0521";"DE LA VALLEE";15130;"ARPAJON-SUR-CERE";"15";12;NA;"C";1248;"";"";NA;"";NA;"";NA;NA;NA;NA;NA;0;1;"Maison";NA;137;5;"AG";"";495
"623748";"15012";NA;NA;NA;NA;NA;NA;NA;1;"30/12/2022";"Vente";238880;854;"";"RTE";"0521";"DE LA VALLEE";15130;"ARPAJON-SUR-CERE";"15";12;NA;"C";1248;"";"";NA;"";NA;"";NA;NA;NA;NA;NA;0;1;"Maison";NA;137;5;"S";"";500
"623749";"15012";NA;NA;NA;NA;NA;NA;NA;1;"30/12/2022";"Vente";238880;NA;"";"";"B127";"COUFINS";15130;"ARPAJON-SUR-CERE";"15";12;NA;"C";1417;"";"";NA;"";NA;"";NA;NA;NA;NA;NA;0;NA;"";NA;NA;NA;"P";"";811
"623818";"15012";NA;NA;NA;NA;NA;NA;NA;1;"19/12/2022";"Vente";4320000;18;"";"AV";"0237";"DU GARRIC";15000;"ARPAJON-SUR-CERE";"15";12;NA;"BC";66;"";"";NA;"";NA;"";NA;NA;NA;NA;NA;0;4;"Local industriel. commercial ou assimilé";NA;NA;NA;"S";"";29203
"624019";"15012";NA;NA;NA;NA;NA;NA;NA;1;"22/12/2022";"Vente";67000;5210;"";"RUE";"0040";"A. MOULENE";15130;"ARPAJON-SUR-CERE";"15";12;NA;"AD";117;"";"12";NA;"33";66,25;"";NA;NA;NA;NA;NA;2;2;"Appartement";NA;67;4;"";"";NA
"624020";"15012";NA;NA;NA;NA;NA;NA;NA;1;"22/12/2022";"Vente";67000;5210;"";"RUE";"0040";"A. MOULENE";15130;"ARPAJON-SUR-CERE";"15";12;NA;"AD";117;"";"12";NA;"33";66,25;"";NA;NA;NA;NA;NA;2;3;"Dépendance";NA;0;0;"";"";NA
"624021";"15012";NA;NA;NA;NA;NA;NA;NA;1;"22/12/2022";"Vente";67000;5210;"";"RUE";"0040";"A. MOULENE";15130;"ARPAJON-SUR-CERE";"15";12;NA;"AD";117;"";"25";NA;"";NA;"";NA;NA;NA;NA;NA;1;3;"Dépendance";NA;0;0;"";"";NA
"624199";"15012";NA;NA;NA;NA;NA;NA;NA;1;"28/12/2022";"Vente";129300;NA;"";"CITE";"A010";"JULES FERRY";15130;"ARPAJON-SUR-CERE";"15";12;NA;"AC";61;"";"";NA;"";NA;"";NA;NA;NA;NA;NA;0;NA;"";NA;NA;NA;"AG";"";446
"624200";"15012";NA;NA;NA;NA;NA;NA;NA;1;"28/12/2022";"Vente";129300;5180;"A";"";"B314";"QUATRE CARRIERES";15130;"ARPAJON-SUR-CERE";"15";12;NA;"AC";76;"";"";NA;"";NA;"";NA;NA;NA;NA;NA;0;4;"Local industriel. commercial ou assimilé";NA;0;0;"AB";"RUE";737
"624201";"15012";NA;NA;NA;NA;NA;NA;NA;1;"28/12/2022";"Vente";129300;5180;"A";"";"B314";"QUATRE CARRIERES";15130;"ARPAJON-SUR-CERE";"15";12;NA;"AC";76;"";"";NA;"";NA;"";NA;NA;NA;NA;NA;0;4;"Local industriel. commercial ou assimilé";NA;0;0;"S";"";13
"624202";"15012";NA;NA;NA;NA;NA;NA;NA;1;"28/12/2022";"Vente";129300;NA;"";"CITE";"A010";"JULES FERRY";15130;"ARPAJON-SUR-CERE";"15";12;NA;"AD";79;"";"";NA;"";NA;"";NA;NA;NA;NA;NA;0;NA;"";NA;NA;NA;"AG";"";1373
"624203";"15012";NA;NA;NA;NA;NA;NA;NA;1;"28/12/2022";"Vente";129300;5180;"";"CITE";"A010";"JULES FERRY";15130;"ARPAJON-SUR-CERE";"15";12;NA;"AD";81;"";"20";NA;"7";NA;"";NA;NA;NA;NA;NA;2;3;"Dépendance";NA;0;0;"";"";NA
"624204";"15012";NA;NA;NA;NA;NA;NA;NA;1;"28/12/2022";"Vente";129300;5180;"";"CITE";"A010";"JULES FERRY";15130;"ARPAJON-SUR-CERE";"15";12;NA;"AD";81;"";"38";NA;"";NA;"";NA;NA;NA;NA;NA;1;3;"Dépendance";NA;0;0;"";"";NA
"624205";"15012";NA;NA;NA;NA;NA;NA;NA;1;"28/12/2022";"Vente";129300;5180;"";"CITE";"A010";"JULES FERRY";15130;"ARPAJON-SUR-CERE";"15";12;NA;"AD";81;"";"20";NA;"7";NA;"";NA;NA;NA;NA;NA;2;2;"Appartement";NA;82;4;"";"";NA
"624206";"15012";NA;NA;NA;NA;NA;NA;NA;1;"28/12/2022";"Vente";129300;NA;"";"";"B379";"QUATRE CARRIERES SUD";15130;"ARPAJON-SUR-CERE";"15";12;NA;"AD";101;"";"";NA;"";NA;"";NA;NA;NA;NA;NA;0;NA;"";NA;NA;NA;"AG";"";2112
"624207";"15012";NA;NA;NA;NA;NA;NA;NA;1;"28/12/2022";"Vente";129300;NA;"";"";"B379";"QUATRE CARRIERES SUD";15130;"ARPAJON-SUR-CERE";"15";12;NA;"AD";103;"";"";NA;"";NA;"";NA;NA;NA;NA;NA;0;NA;"";NA;NA;NA;"AG";"";679
"624208";"15012";NA;NA;NA;NA;NA;NA;NA;1;"28/12/2022";"Vente";129300;NA;"";"";"B314";"QUATRE CARRIERES";15130;"ARPAJON-SUR-CERE";"15";12;NA;"AD";339;"";"";NA;"";NA;"";NA;NA;NA;NA;NA;0;NA;"";NA;NA;NA;"AB";"RUE";5684
"624262";"15012";NA;NA;NA;NA;NA;NA;NA;1;"29/12/2022";"Vente en l'état futur d'achèvement";276000;NA;"";"AV";"0240";"DU GENERAL MILHAUD";15130;"ARPAJON-SUR-CERE";"15";12;NA;"AD";569;"";"21";NA;"";NA;"";NA;NA;NA;NA;NA;1;NA;"";NA;NA;NA;"";"";NA
"624263";"15012";NA;NA;NA;NA;NA;NA;NA;1;"29/12/2022";"Vente en l'état futur d'achèvement";276000;NA;"";"AV";"0240";"DU GENERAL MILHAUD";15130;"ARPAJON-SUR-CERE";"15";12;NA;"AD";569;"";"1";NA;"";NA;"";NA;NA;NA;NA;NA;1;NA;"";NA;NA;NA;"";"";NA
"624264";"15012";NA;NA;NA;NA;NA;NA;NA;1;"29/12/2022";"Vente en l'état futur d'achèvement";276000;NA;"";"AV";"0240";"DU GENERAL MILHAUD";15130;"ARPAJON-SUR-CERE";"15";12;NA;"AD";569;"";"";NA;"";NA;"";NA;NA;NA;NA;NA;0;NA;"";NA;NA;NA;"AB";"";281
"624265";"15012";NA;NA;NA;NA;NA;NA;NA;1;"29/12/2022";"Vente en l'état futur d'achèvement";276000;NA;"";"RUE";"0504";"DE SALERS";15130;"ARPAJON-SUR-CERE";"15";12;NA;"AD";570;"";"";NA;"";NA;"";NA;NA;NA;NA;NA;0;NA;"";NA;NA;NA;"AB";"";11
"624266";"15012";NA;NA;NA;NA;NA;NA;NA;1;"29/12/2022";"Vente en l'état futur d'achèvement";276000;NA;"";"AV";"0300";"JEAN JAURES";15130;"ARPAJON-SUR-CERE";"15";12;NA;"AD";577;"1";"";NA;"";NA;"";NA;NA;NA;NA;NA;0;NA;"";NA;NA;NA;"";"";NA
"624267";"15012";NA;NA;NA;NA;NA;NA;NA;1;"29/12/2022";"Vente en l'état futur d'achèvement";276000;NA;"";"AV";"0240";"DU GENERAL MILHAUD";15130;"ARPAJON-SUR-CERE";"15";12;NA;"AD";581;"";"";NA;"";NA;"";NA;NA;NA;NA;NA;0;NA;"";NA;NA;NA;"AB";"";56
"624308";"15012";NA;NA;NA;NA;NA;NA;NA;1;"30/12/2022";"Vente";430000;66;"";"AV";"0240";"DU GENERAL MILHAUD";15130;"ARPAJON-SUR-CERE";"15";12;NA;"AD";36;"";"";NA;"";NA;"";NA;NA;NA;NA;NA;0;4;"Local industriel. commercial ou assimilé";NA;315;0;"S";"";214
"624309";"15012";NA;NA;NA;NA;NA;NA;NA;1;"30/12/2022";"Vente";430000;68;"";"AV";"0240";"DU GENERAL MILHAUD";15130;"ARPAJON-SUR-CERE";"15";12;NA;"AD";423;"";"";NA;"";NA;"";NA;NA;NA;NA;NA;0;NA;"";NA;NA;NA;"S";"";63
"624310";"15012";NA;NA;NA;NA;NA;NA;NA;1;"30/12/2022";"Vente";430000;68;"";"AV";"0240";"DU GENERAL MILHAUD";15130;"ARPAJON-SUR-CERE";"15";12;NA;"AD";485;"";"";NA;"";NA;"";NA;NA;NA;NA;NA;0;NA;"";NA;NA;NA;"S";"";178
"624424";"15012";NA;NA;NA;NA;NA;NA;NA;1;"30/12/2022";"Vente";113700;59;"";"RUE";"0438";"DES PRADELS";15130;"ARPAJON-SUR-CERE";"15";12;NA;"AT";26;"";"";NA;"";NA;"";NA;NA;NA;NA;NA;0;1;"Maison";NA;91;5;"S";"";415
"624514";"15012";NA;NA;NA;NA;NA;NA;NA;1;"30/12/2022";"Vente en l'état futur d'achèvement";180810;NA;"";"AV";"0240";"DU GENERAL MILHAUD";15130;"ARPAJON-SUR-CERE";"15";12;NA;"AD";569;"";"19";NA;"";NA;"";NA;NA;NA;NA;NA;1;NA;"";NA;NA;NA;"";"";NA
