"","bureau","X","Code.du.département","Libellé.du.département","Code.de.la.circonscription","Libellé.de.la.circonscription","Code.de.la.commune","Libellé.de.la.commune","Inscrits","Abstentions","X..Abs.Ins","Votants","X..Vot.Ins","Blancs","X..Blancs.Ins","X..Blancs.Vot","Nuls","X..Nuls.Ins","X..Nuls.Vot","Exprimés","X..Exp.Ins","X..Exp.Vot","N.Panneau","Sexe","Nom","Prénom","Voix","X..Voix.Ins","X..Voix.Exp","N.Panneau.1","Sexe.1","Nom.1","Prénom.1","Voix.1","X..Voix.Ins.1","X..Voix.Exp.1","N.Panneau.2","Sexe.2","Nom.2","Prénom.2","Voix.2","X..Voix.Ins.2","X..Voix.Exp.2","N.Panneau.3","Sexe.3","Nom.3","Prénom.3","Voix.3","X..Voix.Ins.3","X..Voix.Exp.3","N.Panneau.4","Sexe.4","Nom.4","Prénom.4","Voix.4","X..Voix.Ins.4","X..Voix.Exp.4","N.Panneau.5","Sexe.5","Nom.5","Prénom.5","Voix.5","X..Voix.Ins.5","X..Voix.Exp.5","N.Panneau.6","Sexe.6","Nom.6","Prénom.6","Voix.6","X..Voix.Ins.6","X..Voix.Exp.6","N.Panneau.7","Sexe.7","Nom.7","Prénom.7","Voix.7","X..Voix.Ins.7","X..Voix.Exp.7","N.Panneau.8","Sexe.8","Nom.8","Prénom.8","Voix.8","X..Voix.Ins.8","X..Voix.Exp.8","N.Panneau.9","Sexe.9","Nom.9","Prénom.9","Voix.9","X..Voix.Ins.9","X..Voix.Exp.9","N.Panneau.10","Sexe.10","Nom.10","Prénom.10","Voix.10","X..Voix.Ins.10","X..Voix.Exp.10","N.Panneau.11","Sexe.11","Nom.11","Prénom.11","Voix.11","X..Voix.Ins.11","X..Voix.Exp.11","INSEE_COM.x","ind","men","men_pauv","men_1ind","men_5ind","men_prop","men_fmp","ind_snv","men_surf","men_coll","men_mais","log_av45","log_45_70","log_70_90","log_ap90","log_inc","log_soc","ind_0_3","ind_4_5","ind_6_10","ind_11_17","ind_18_24","ind_25_39","ind_40_54","ind_55_64","ind_65_79","ind_80p","ind_inc","INSEE_COM.y","P19_MAISON","P19_RP_120M2P","P19_RP_ACHTOT","P19_RP_ACH19","P19_RP_ACH45","P19_RP_ACH70","P19_RP_ACH90","P19_RP_ACH05","P19_RP_ACH15","P19_RP_CCCOLL","INSEE_COM","Valeur.fonciere","Surface.reelle.bati","Nombre.pieces.principales","Surface.terrain"
"1","10387_1",311,"10","Aube",3,"3ème circonscription",387,"Troyes",686,251,36.59,435,63.41,6,0.87,1.38,3,0.44,0.69,426,62.1,97.93,1,FALSE,"ARTHAUD","Nathalie",1,0.15,0.23,2,"M","ROUSSEL","Fabien",5,0.73,1.17,3,"M","MACRON","Emmanuel",122,17.78,28.64,4,"M","LASSALLE","Jean",3,0.44,0.7,5,FALSE,"LE PEN","Marine",63,9.18,14.79,6,"M","ZEMMOUR","Éric",45,6.56,10.56,7,"M","MÉLENCHON","Jean-Luc",105,15.31,24.65,8,FALSE,"HIDALGO","Anne",11,1.6,2.58,9,"M","JADOT","Yannick",37,5.39,8.69,10,FALSE,"PÉCRESSE","Valérie",22,3.21,5.16,11,"M","POUTOU","Philippe",4,0.58,0.94,12,"M","DUPONT-AIGNAN","Nicolas",8,1.17,1.88,10387,NA,NA,NA,NA,NA,NA,NA,NA,NA,NA,NA,NA,NA,NA,NA,NA,NA,NA,NA,NA,NA,NA,NA,NA,NA,NA,NA,NA,NA,NA,NA,NA,NA,NA,NA,NA,NA,NA,NA,NA,NA,NA,NA,NA
"2","10387_10",315,"10","Aube",3,"3ème circonscription",387,"Troyes",932,331,35.52,601,64.48,6,0.64,1,7,0.75,1.16,588,63.09,97.84,1,FALSE,"ARTHAUD","Nathalie",2,0.21,0.34,2,"M","ROUSSEL","Fabien",9,0.97,1.53,3,"M","MACRON","Emmanuel",141,15.13,23.98,4,"M","LASSALLE","Jean",14,1.5,2.38,5,FALSE,"LE PEN","Marine",143,15.34,24.32,6,"M","ZEMMOUR","Éric",39,4.18,6.63,7,"M","MÉLENCHON","Jean-Luc",172,18.45,29.25,8,FALSE,"HIDALGO","Anne",3,0.32,0.51,9,"M","JADOT","Yannick",25,2.68,4.25,10,FALSE,"PÉCRESSE","Valérie",19,2.04,3.23,11,"M","POUTOU","Philippe",5,0.54,0.85,12,"M","DUPONT-AIGNAN","Nicolas",16,1.72,2.72,10387,NA,NA,NA,NA,NA,NA,NA,NA,NA,NA,NA,NA,NA,NA,NA,NA,NA,NA,NA,NA,NA,NA,NA,NA,NA,NA,NA,NA,NA,NA,NA,NA,NA,NA,NA,NA,NA,NA,NA,NA,NA,NA,NA,NA
"3","10387_11",316,"10","Aube",3,"3ème circonscription",387,"Troyes",873,214,24.51,659,75.49,9,1.03,1.37,6,0.69,0.91,644,73.77,97.72,1,FALSE,"ARTHAUD","Nathalie",3,0.34,0.47,2,"M","ROUSSEL","Fabien",11,1.26,1.71,3,"M","MACRON","Emmanuel",171,19.59,26.55,4,"M","LASSALLE","Jean",21,2.41,3.26,5,FALSE,"LE PEN","Marine",123,14.09,19.1,6,"M","ZEMMOUR","Éric",61,6.99,9.47,7,"M","MÉLENCHON","Jean-Luc",153,17.53,23.76,8,FALSE,"HIDALGO","Anne",14,1.6,2.17,9,"M","JADOT","Yannick",34,3.89,5.28,10,FALSE,"PÉCRESSE","Valérie",32,3.67,4.97,11,"M","POUTOU","Philippe",4,0.46,0.62,12,"M","DUPONT-AIGNAN","Nicolas",17,1.95,2.64,10387,NA,NA,NA,NA,NA,NA,NA,NA,NA,NA,NA,NA,NA,NA,NA,NA,NA,NA,NA,NA,NA,NA,NA,NA,NA,NA,NA,NA,NA,NA,NA,NA,NA,NA,NA,NA,NA,NA,NA,NA,NA,NA,NA,NA
"4","10387_12",317,"10","Aube",3,"3ème circonscription",387,"Troyes",948,326,34.39,622,65.61,9,0.95,1.45,3,0.32,0.48,610,64.35,98.07,1,FALSE,"ARTHAUD","Nathalie",5,0.53,0.82,2,"M","ROUSSEL","Fabien",14,1.48,2.3,3,"M","MACRON","Emmanuel",149,15.72,24.43,4,"M","LASSALLE","Jean",13,1.37,2.13,5,FALSE,"LE PEN","Marine",156,16.46,25.57,6,"M","ZEMMOUR","Éric",37,3.9,6.07,7,"M","MÉLENCHON","Jean-Luc",168,17.72,27.54,8,FALSE,"HIDALGO","Anne",9,0.95,1.48,9,"M","JADOT","Yannick",16,1.69,2.62,10,FALSE,"PÉCRESSE","Valérie",24,2.53,3.93,11,"M","POUTOU","Philippe",7,0.74,1.15,12,"M","DUPONT-AIGNAN","Nicolas",12,1.27,1.97,10387,NA,NA,NA,NA,NA,NA,NA,NA,NA,NA,NA,NA,NA,NA,NA,NA,NA,NA,NA,NA,NA,NA,NA,NA,NA,NA,NA,NA,NA,NA,NA,NA,NA,NA,NA,NA,NA,NA,NA,NA,NA,NA,NA,NA
"5","10387_13",318,"10","Aube",3,"3ème circonscription",387,"Troyes",1139,386,33.89,753,66.11,12,1.05,1.59,8,0.7,1.06,733,64.35,97.34,1,FALSE,"ARTHAUD","Nathalie",6,0.53,0.82,2,"M","ROUSSEL","Fabien",18,1.58,2.46,3,"M","MACRON","Emmanuel",147,12.91,20.05,4,"M","LASSALLE","Jean",8,0.7,1.09,5,FALSE,"LE PEN","Marine",208,18.26,28.38,6,"M","ZEMMOUR","Éric",44,3.86,6,7,"M","MÉLENCHON","Jean-Luc",241,21.16,32.88,8,FALSE,"HIDALGO","Anne",8,0.7,1.09,9,"M","JADOT","Yannick",15,1.32,2.05,10,FALSE,"PÉCRESSE","Valérie",21,1.84,2.86,11,"M","POUTOU","Philippe",4,0.35,0.55,12,"M","DUPONT-AIGNAN","Nicolas",13,1.14,1.77,10387,NA,NA,NA,NA,NA,NA,NA,NA,NA,NA,NA,NA,NA,NA,NA,NA,NA,NA,NA,NA,NA,NA,NA,NA,NA,NA,NA,NA,NA,NA,NA,NA,NA,NA,NA,NA,NA,NA,NA,NA,NA,NA,NA,NA
"6","10387_14",319,"10","Aube",3,"3ème circonscription",387,"Troyes",1296,382,29.48,914,70.52,11,0.85,1.2,6,0.46,0.66,897,69.21,98.14,1,FALSE,"ARTHAUD","Nathalie",3,0.23,0.33,2,"M","ROUSSEL","Fabien",24,1.85,2.68,3,"M","MACRON","Emmanuel",243,18.75,27.09,4,"M","LASSALLE","Jean",15,1.16,1.67,5,FALSE,"LE PEN","Marine",195,15.05,21.74,6,"M","ZEMMOUR","Éric",74,5.71,8.25,7,"M","MÉLENCHON","Jean-Luc",190,14.66,21.18,8,FALSE,"HIDALGO","Anne",20,1.54,2.23,9,"M","JADOT","Yannick",39,3.01,4.35,10,FALSE,"PÉCRESSE","Valérie",67,5.17,7.47,11,"M","POUTOU","Philippe",6,0.46,0.67,12,"M","DUPONT-AIGNAN","Nicolas",21,1.62,2.34,10387,NA,NA,NA,NA,NA,NA,NA,NA,NA,NA,NA,NA,NA,NA,NA,NA,NA,NA,NA,NA,NA,NA,NA,NA,NA,NA,NA,NA,NA,NA,NA,NA,NA,NA,NA,NA,NA,NA,NA,NA,NA,NA,NA,NA
"7","10387_15",320,"10","Aube",3,"3ème circonscription",387,"Troyes",1370,431,31.46,939,68.54,11,0.8,1.17,3,0.22,0.32,925,67.52,98.51,1,FALSE,"ARTHAUD","Nathalie",7,0.51,0.76,2,"M","ROUSSEL","Fabien",13,0.95,1.41,3,"M","MACRON","Emmanuel",242,17.66,26.16,4,"M","LASSALLE","Jean",20,1.46,2.16,5,FALSE,"LE PEN","Marine",256,18.69,27.68,6,"M","ZEMMOUR","Éric",59,4.31,6.38,7,"M","MÉLENCHON","Jean-Luc",204,14.89,22.05,8,FALSE,"HIDALGO","Anne",9,0.66,0.97,9,"M","JADOT","Yannick",52,3.8,5.62,10,FALSE,"PÉCRESSE","Valérie",30,2.19,3.24,11,"M","POUTOU","Philippe",11,0.8,1.19,12,"M","DUPONT-AIGNAN","Nicolas",22,1.61,2.38,10387,NA,NA,NA,NA,NA,NA,NA,NA,NA,NA,NA,NA,NA,NA,NA,NA,NA,NA,NA,NA,NA,NA,NA,NA,NA,NA,NA,NA,NA,NA,NA,NA,NA,NA,NA,NA,NA,NA,NA,NA,NA,NA,NA,NA
"8","10387_16",321,"10","Aube",3,"3ème circonscription",387,"Troyes",907,276,30.43,631,69.57,4,0.44,0.63,4,0.44,0.63,623,68.69,98.73,1,FALSE,"ARTHAUD","Nathalie",4,0.44,0.64,2,"M","ROUSSEL","Fabien",15,1.65,2.41,3,"M","MACRON","Emmanuel",155,17.09,24.88,4,"M","LASSALLE","Jean",8,0.88,1.28,5,FALSE,"LE PEN","Marine",155,17.09,24.88,6,"M","ZEMMOUR","Éric",45,4.96,7.22,7,"M","MÉLENCHON","Jean-Luc",163,17.97,26.16,8,FALSE,"HIDALGO","Anne",10,1.1,1.61,9,"M","JADOT","Yannick",24,2.65,3.85,10,FALSE,"PÉCRESSE","Valérie",31,3.42,4.98,11,"M","POUTOU","Philippe",6,0.66,0.96,12,"M","DUPONT-AIGNAN","Nicolas",7,0.77,1.12,10387,NA,NA,NA,NA,NA,NA,NA,NA,NA,NA,NA,NA,NA,NA,NA,NA,NA,NA,NA,NA,NA,NA,NA,NA,NA,NA,NA,NA,NA,NA,NA,NA,NA,NA,NA,NA,NA,NA,NA,NA,NA,NA,NA,NA
"9","10387_17",322,"10","Aube",3,"3ème circonscription",387,"Troyes",1034,311,30.08,723,69.92,14,1.35,1.94,10,0.97,1.38,699,67.6,96.68,1,FALSE,"ARTHAUD","Nathalie",3,0.29,0.43,2,"M","ROUSSEL","Fabien",14,1.35,2,3,"M","MACRON","Emmanuel",169,16.34,24.18,4,"M","LASSALLE","Jean",21,2.03,3,5,FALSE,"LE PEN","Marine",208,20.12,29.76,6,"M","ZEMMOUR","Éric",49,4.74,7.01,7,"M","MÉLENCHON","Jean-Luc",143,13.83,20.46,8,FALSE,"HIDALGO","Anne",12,1.16,1.72,9,"M","JADOT","Yannick",24,2.32,3.43,10,FALSE,"PÉCRESSE","Valérie",27,2.61,3.86,11,"M","POUTOU","Philippe",4,0.39,0.57,12,"M","DUPONT-AIGNAN","Nicolas",25,2.42,3.58,10387,NA,NA,NA,NA,NA,NA,NA,NA,NA,NA,NA,NA,NA,NA,NA,NA,NA,NA,NA,NA,NA,NA,NA,NA,NA,NA,NA,NA,NA,NA,NA,NA,NA,NA,NA,NA,NA,NA,NA,NA,NA,NA,NA,NA
"10","10387_18",297,"10","Aube",1,"1ère circonscription",387,"Troyes",1298,404,31.12,894,68.88,13,1,1.45,9,0.69,1.01,872,67.18,97.54,1,FALSE,"ARTHAUD","Nathalie",8,0.62,0.92,2,"M","ROUSSEL","Fabien",13,1,1.49,3,"M","MACRON","Emmanuel",213,16.41,24.43,4,"M","LASSALLE","Jean",17,1.31,1.95,5,FALSE,"LE PEN","Marine",266,20.49,30.5,6,"M","ZEMMOUR","Éric",64,4.93,7.34,7,"M","MÉLENCHON","Jean-Luc",182,14.02,20.87,8,FALSE,"HIDALGO","Anne",10,0.77,1.15,9,"M","JADOT","Yannick",44,3.39,5.05,10,FALSE,"PÉCRESSE","Valérie",30,2.31,3.44,11,"M","POUTOU","Philippe",10,0.77,1.15,12,"M","DUPONT-AIGNAN","Nicolas",15,1.16,1.72,10387,NA,NA,NA,NA,NA,NA,NA,NA,NA,NA,NA,NA,NA,NA,NA,NA,NA,NA,NA,NA,NA,NA,NA,NA,NA,NA,NA,NA,NA,NA,NA,NA,NA,NA,NA,NA,NA,NA,NA,NA,NA,NA,NA,NA
"11","10387_19",298,"10","Aube",1,"1ère circonscription",387,"Troyes",1150,384,33.39,766,66.61,7,0.61,0.91,9,0.78,1.17,750,65.22,97.91,1,FALSE,"ARTHAUD","Nathalie",7,0.61,0.93,2,"M","ROUSSEL","Fabien",10,0.87,1.33,3,"M","MACRON","Emmanuel",196,17.04,26.13,4,"M","LASSALLE","Jean",9,0.78,1.2,5,FALSE,"LE PEN","Marine",197,17.13,26.27,6,"M","ZEMMOUR","Éric",50,4.35,6.67,7,"M","MÉLENCHON","Jean-Luc",211,18.35,28.13,8,FALSE,"HIDALGO","Anne",7,0.61,0.93,9,"M","JADOT","Yannick",20,1.74,2.67,10,FALSE,"PÉCRESSE","Valérie",27,2.35,3.6,11,"M","POUTOU","Philippe",5,0.43,0.67,12,"M","DUPONT-AIGNAN","Nicolas",11,0.96,1.47,10387,NA,NA,NA,NA,NA,NA,NA,NA,NA,NA,NA,NA,NA,NA,NA,NA,NA,NA,NA,NA,NA,NA,NA,NA,NA,NA,NA,NA,NA,NA,NA,NA,NA,NA,NA,NA,NA,NA,NA,NA,NA,NA,NA,NA
"12","10387_2",312,"10","Aube",3,"3ème circonscription",387,"Troyes",931,246,26.42,685,73.58,5,0.54,0.73,7,0.75,1.02,673,72.29,98.25,1,FALSE,"ARTHAUD","Nathalie",1,0.11,0.15,2,"M","ROUSSEL","Fabien",11,1.18,1.63,3,"M","MACRON","Emmanuel",221,23.74,32.84,4,"M","LASSALLE","Jean",13,1.4,1.93,5,FALSE,"LE PEN","Marine",88,9.45,13.08,6,"M","ZEMMOUR","Éric",74,7.95,11,7,"M","MÉLENCHON","Jean-Luc",106,11.39,15.75,8,FALSE,"HIDALGO","Anne",8,0.86,1.19,9,"M","JADOT","Yannick",39,4.19,5.79,10,FALSE,"PÉCRESSE","Valérie",99,10.63,14.71,11,"M","POUTOU","Philippe",3,0.32,0.45,12,"M","DUPONT-AIGNAN","Nicolas",10,1.07,1.49,10387,NA,NA,NA,NA,NA,NA,NA,NA,NA,NA,NA,NA,NA,NA,NA,NA,NA,NA,NA,NA,NA,NA,NA,NA,NA,NA,NA,NA,NA,NA,NA,NA,NA,NA,NA,NA,NA,NA,NA,NA,NA,NA,NA,NA
"13","10387_20",299,"10","Aube",1,"1ère circonscription",387,"Troyes",1097,311,28.35,786,71.65,13,1.19,1.65,4,0.36,0.51,769,70.1,97.84,1,FALSE,"ARTHAUD","Nathalie",9,0.82,1.17,2,"M","ROUSSEL","Fabien",17,1.55,2.21,3,"M","MACRON","Emmanuel",225,20.51,29.26,4,"M","LASSALLE","Jean",15,1.37,1.95,5,FALSE,"LE PEN","Marine",213,19.42,27.7,6,"M","ZEMMOUR","Éric",52,4.74,6.76,7,"M","MÉLENCHON","Jean-Luc",135,12.31,17.56,8,FALSE,"HIDALGO","Anne",12,1.09,1.56,9,"M","JADOT","Yannick",37,3.37,4.81,10,FALSE,"PÉCRESSE","Valérie",34,3.1,4.42,11,"M","POUTOU","Philippe",2,0.18,0.26,12,"M","DUPONT-AIGNAN","Nicolas",18,1.64,2.34,10387,NA,NA,NA,NA,NA,NA,NA,NA,NA,NA,NA,NA,NA,NA,NA,NA,NA,NA,NA,NA,NA,NA,NA,NA,NA,NA,NA,NA,NA,NA,NA,NA,NA,NA,NA,NA,NA,NA,NA,NA,NA,NA,NA,NA
"14","10387_21",302,"10","Aube",2,"2ème circonscription",387,"Troyes",965,453,46.94,512,53.06,7,0.73,1.37,5,0.52,0.98,500,51.81,97.66,1,FALSE,"ARTHAUD","Nathalie",8,0.83,1.6,2,"M","ROUSSEL","Fabien",10,1.04,2,3,"M","MACRON","Emmanuel",121,12.54,24.2,4,"M","LASSALLE","Jean",5,0.52,1,5,FALSE,"LE PEN","Marine",119,12.33,23.8,6,"M","ZEMMOUR","Éric",24,2.49,4.8,7,"M","MÉLENCHON","Jean-Luc",165,17.1,33,8,FALSE,"HIDALGO","Anne",8,0.83,1.6,9,"M","JADOT","Yannick",14,1.45,2.8,10,FALSE,"PÉCRESSE","Valérie",13,1.35,2.6,11,"M","POUTOU","Philippe",5,0.52,1,12,"M","DUPONT-AIGNAN","Nicolas",8,0.83,1.6,10387,NA,NA,NA,NA,NA,NA,NA,NA,NA,NA,NA,NA,NA,NA,NA,NA,NA,NA,NA,NA,NA,NA,NA,NA,NA,NA,NA,NA,NA,NA,NA,NA,NA,NA,NA,NA,NA,NA,NA,NA,NA,NA,NA,NA
"15","10387_22",303,"10","Aube",2,"2ème circonscription",387,"Troyes",1140,368,32.28,772,67.72,17,1.49,2.2,2,0.18,0.26,753,66.05,97.54,1,FALSE,"ARTHAUD","Nathalie",0,0,0,2,"M","ROUSSEL","Fabien",11,0.96,1.46,3,"M","MACRON","Emmanuel",289,25.35,38.38,4,"M","LASSALLE","Jean",16,1.4,2.12,5,FALSE,"LE PEN","Marine",139,12.19,18.46,6,"M","ZEMMOUR","Éric",66,5.79,8.76,7,"M","MÉLENCHON","Jean-Luc",120,10.53,15.94,8,FALSE,"HIDALGO","Anne",10,0.88,1.33,9,"M","JADOT","Yannick",33,2.89,4.38,10,FALSE,"PÉCRESSE","Valérie",53,4.65,7.04,11,"M","POUTOU","Philippe",1,0.09,0.13,12,"M","DUPONT-AIGNAN","Nicolas",15,1.32,1.99,10387,NA,NA,NA,NA,NA,NA,NA,NA,NA,NA,NA,NA,NA,NA,NA,NA,NA,NA,NA,NA,NA,NA,NA,NA,NA,NA,NA,NA,NA,NA,NA,NA,NA,NA,NA,NA,NA,NA,NA,NA,NA,NA,NA,NA
"16","10387_23",304,"10","Aube",2,"2ème circonscription",387,"Troyes",1018,307,30.16,711,69.84,12,1.18,1.69,4,0.39,0.56,695,68.27,97.75,1,FALSE,"ARTHAUD","Nathalie",6,0.59,0.86,2,"M","ROUSSEL","Fabien",20,1.96,2.88,3,"M","MACRON","Emmanuel",198,19.45,28.49,4,"M","LASSALLE","Jean",10,0.98,1.44,5,FALSE,"LE PEN","Marine",172,16.9,24.75,6,"M","ZEMMOUR","Éric",59,5.8,8.49,7,"M","MÉLENCHON","Jean-Luc",124,12.18,17.84,8,FALSE,"HIDALGO","Anne",7,0.69,1.01,9,"M","JADOT","Yannick",31,3.05,4.46,10,FALSE,"PÉCRESSE","Valérie",41,4.03,5.9,11,"M","POUTOU","Philippe",7,0.69,1.01,12,"M","DUPONT-AIGNAN","Nicolas",20,1.96,2.88,10387,NA,NA,NA,NA,NA,NA,NA,NA,NA,NA,NA,NA,NA,NA,NA,NA,NA,NA,NA,NA,NA,NA,NA,NA,NA,NA,NA,NA,NA,NA,NA,NA,NA,NA,NA,NA,NA,NA,NA,NA,NA,NA,NA,NA
"17","10387_24",305,"10","Aube",2,"2ème circonscription",387,"Troyes",1036,287,27.7,749,72.3,14,1.35,1.87,6,0.58,0.8,729,70.37,97.33,1,FALSE,"ARTHAUD","Nathalie",2,0.19,0.27,2,"M","ROUSSEL","Fabien",14,1.35,1.92,3,"M","MACRON","Emmanuel",221,21.33,30.32,4,"M","LASSALLE","Jean",8,0.77,1.1,5,FALSE,"LE PEN","Marine",150,14.48,20.58,6,"M","ZEMMOUR","Éric",59,5.69,8.09,7,"M","MÉLENCHON","Jean-Luc",144,13.9,19.75,8,FALSE,"HIDALGO","Anne",22,2.12,3.02,9,"M","JADOT","Yannick",39,3.76,5.35,10,FALSE,"PÉCRESSE","Valérie",47,4.54,6.45,11,"M","POUTOU","Philippe",10,0.97,1.37,12,"M","DUPONT-AIGNAN","Nicolas",13,1.25,1.78,10387,NA,NA,NA,NA,NA,NA,NA,NA,NA,NA,NA,NA,NA,NA,NA,NA,NA,NA,NA,NA,NA,NA,NA,NA,NA,NA,NA,NA,NA,NA,NA,NA,NA,NA,NA,NA,NA,NA,NA,NA,NA,NA,NA,NA
"18","10387_25",306,"10","Aube",2,"2ème circonscription",387,"Troyes",859,309,35.97,550,64.03,12,1.4,2.18,2,0.23,0.36,536,62.4,97.45,1,FALSE,"ARTHAUD","Nathalie",6,0.7,1.12,2,"M","ROUSSEL","Fabien",13,1.51,2.43,3,"M","MACRON","Emmanuel",157,18.28,29.29,4,"M","LASSALLE","Jean",8,0.93,1.49,5,FALSE,"LE PEN","Marine",164,19.09,30.6,6,"M","ZEMMOUR","Éric",42,4.89,7.84,7,"M","MÉLENCHON","Jean-Luc",87,10.13,16.23,8,FALSE,"HIDALGO","Anne",11,1.28,2.05,9,"M","JADOT","Yannick",16,1.86,2.99,10,FALSE,"PÉCRESSE","Valérie",21,2.44,3.92,11,"M","POUTOU","Philippe",5,0.58,0.93,12,"M","DUPONT-AIGNAN","Nicolas",6,0.7,1.12,10387,NA,NA,NA,NA,NA,NA,NA,NA,NA,NA,NA,NA,NA,NA,NA,NA,NA,NA,NA,NA,NA,NA,NA,NA,NA,NA,NA,NA,NA,NA,NA,NA,NA,NA,NA,NA,NA,NA,NA,NA,NA,NA,NA,NA
"19","10387_26",307,"10","Aube",2,"2ème circonscription",387,"Troyes",942,236,25.05,706,74.95,9,0.96,1.27,3,0.32,0.42,694,73.67,98.3,1,FALSE,"ARTHAUD","Nathalie",4,0.42,0.58,2,"M","ROUSSEL","Fabien",10,1.06,1.44,3,"M","MACRON","Emmanuel",213,22.61,30.69,4,"M","LASSALLE","Jean",12,1.27,1.73,5,FALSE,"LE PEN","Marine",150,15.92,21.61,6,"M","ZEMMOUR","Éric",46,4.88,6.63,7,"M","MÉLENCHON","Jean-Luc",142,15.07,20.46,8,FALSE,"HIDALGO","Anne",6,0.64,0.86,9,"M","JADOT","Yannick",42,4.46,6.05,10,FALSE,"PÉCRESSE","Valérie",50,5.31,7.2,11,"M","POUTOU","Philippe",4,0.42,0.58,12,"M","DUPONT-AIGNAN","Nicolas",15,1.59,2.16,10387,NA,NA,NA,NA,NA,NA,NA,NA,NA,NA,NA,NA,NA,NA,NA,NA,NA,NA,NA,NA,NA,NA,NA,NA,NA,NA,NA,NA,NA,NA,NA,NA,NA,NA,NA,NA,NA,NA,NA,NA,NA,NA,NA,NA
"20","10387_27",308,"10","Aube",2,"2ème circonscription",387,"Troyes",852,257,30.16,595,69.84,7,0.82,1.18,2,0.23,0.34,586,68.78,98.49,1,FALSE,"ARTHAUD","Nathalie",4,0.47,0.68,2,"M","ROUSSEL","Fabien",11,1.29,1.88,3,"M","MACRON","Emmanuel",161,18.9,27.47,4,"M","LASSALLE","Jean",11,1.29,1.88,5,FALSE,"LE PEN","Marine",134,15.73,22.87,6,"M","ZEMMOUR","Éric",41,4.81,7,7,"M","MÉLENCHON","Jean-Luc",144,16.9,24.57,8,FALSE,"HIDALGO","Anne",12,1.41,2.05,9,"M","JADOT","Yannick",20,2.35,3.41,10,FALSE,"PÉCRESSE","Valérie",24,2.82,4.1,11,"M","POUTOU","Philippe",6,0.7,1.02,12,"M","DUPONT-AIGNAN","Nicolas",18,2.11,3.07,10387,NA,NA,NA,NA,NA,NA,NA,NA,NA,NA,NA,NA,NA,NA,NA,NA,NA,NA,NA,NA,NA,NA,NA,NA,NA,NA,NA,NA,NA,NA,NA,NA,NA,NA,NA,NA,NA,NA,NA,NA,NA,NA,NA,NA
"21","10387_28",309,"10","Aube",2,"2ème circonscription",387,"Troyes",912,343,37.61,569,62.39,10,1.1,1.76,1,0.11,0.18,558,61.18,98.07,1,FALSE,"ARTHAUD","Nathalie",5,0.55,0.9,2,"M","ROUSSEL","Fabien",8,0.88,1.43,3,"M","MACRON","Emmanuel",128,14.04,22.94,4,"M","LASSALLE","Jean",8,0.88,1.43,5,FALSE,"LE PEN","Marine",134,14.69,24.01,6,"M","ZEMMOUR","Éric",36,3.95,6.45,7,"M","MÉLENCHON","Jean-Luc",164,17.98,29.39,8,FALSE,"HIDALGO","Anne",10,1.1,1.79,9,"M","JADOT","Yannick",20,2.19,3.58,10,FALSE,"PÉCRESSE","Valérie",33,3.62,5.91,11,"M","POUTOU","Philippe",4,0.44,0.72,12,"M","DUPONT-AIGNAN","Nicolas",8,0.88,1.43,10387,NA,NA,NA,NA,NA,NA,NA,NA,NA,NA,NA,NA,NA,NA,NA,NA,NA,NA,NA,NA,NA,NA,NA,NA,NA,NA,NA,NA,NA,NA,NA,NA,NA,NA,NA,NA,NA,NA,NA,NA,NA,NA,NA,NA
"22","10387_29",310,"10","Aube",2,"2ème circonscription",387,"Troyes",1147,493,42.98,654,57.02,7,0.61,1.07,7,0.61,1.07,640,55.8,97.86,1,FALSE,"ARTHAUD","Nathalie",8,0.7,1.25,2,"M","ROUSSEL","Fabien",15,1.31,2.34,3,"M","MACRON","Emmanuel",133,11.6,20.78,4,"M","LASSALLE","Jean",12,1.05,1.88,5,FALSE,"LE PEN","Marine",169,14.73,26.41,6,"M","ZEMMOUR","Éric",23,2.01,3.59,7,"M","MÉLENCHON","Jean-Luc",234,20.4,36.56,8,FALSE,"HIDALGO","Anne",9,0.78,1.41,9,"M","JADOT","Yannick",5,0.44,0.78,10,FALSE,"PÉCRESSE","Valérie",19,1.66,2.97,11,"M","POUTOU","Philippe",3,0.26,0.47,12,"M","DUPONT-AIGNAN","Nicolas",10,0.87,1.56,10387,NA,NA,NA,NA,NA,NA,NA,NA,NA,NA,NA,NA,NA,NA,NA,NA,NA,NA,NA,NA,NA,NA,NA,NA,NA,NA,NA,NA,NA,NA,NA,NA,NA,NA,NA,NA,NA,NA,NA,NA,NA,NA,NA,NA
"23","10387_3",313,"10","Aube",3,"3ème circonscription",387,"Troyes",1151,325,28.24,826,71.76,10,0.87,1.21,0,0,0,816,70.89,98.79,1,FALSE,"ARTHAUD","Nathalie",6,0.52,0.74,2,"M","ROUSSEL","Fabien",18,1.56,2.21,3,"M","MACRON","Emmanuel",227,19.72,27.82,4,"M","LASSALLE","Jean",20,1.74,2.45,5,FALSE,"LE PEN","Marine",139,12.08,17.03,6,"M","ZEMMOUR","Éric",100,8.69,12.25,7,"M","MÉLENCHON","Jean-Luc",180,15.64,22.06,8,FALSE,"HIDALGO","Anne",14,1.22,1.72,9,"M","JADOT","Yannick",32,2.78,3.92,10,FALSE,"PÉCRESSE","Valérie",59,5.13,7.23,11,"M","POUTOU","Philippe",4,0.35,0.49,12,"M","DUPONT-AIGNAN","Nicolas",17,1.48,2.08,10387,NA,NA,NA,NA,NA,NA,NA,NA,NA,NA,NA,NA,NA,NA,NA,NA,NA,NA,NA,NA,NA,NA,NA,NA,NA,NA,NA,NA,NA,NA,NA,NA,NA,NA,NA,NA,NA,NA,NA,NA,NA,NA,NA,NA
"24","10387_30",300,"10","Aube",1,"1ère circonscription",387,"Troyes",1,0,0,1,100,0,0,0,0,0,0,1,100,100,1,FALSE,"ARTHAUD","Nathalie",0,0,0,2,"M","ROUSSEL","Fabien",0,0,0,3,"M","MACRON","Emmanuel",0,0,0,4,"M","LASSALLE","Jean",0,0,0,5,FALSE,"LE PEN","Marine",0,0,0,6,"M","ZEMMOUR","Éric",0,0,0,7,"M","MÉLENCHON","Jean-Luc",0,0,0,8,FALSE,"HIDALGO","Anne",0,0,0,9,"M","JADOT","Yannick",1,100,100,10,FALSE,"PÉCRESSE","Valérie",0,0,0,11,"M","POUTOU","Philippe",0,0,0,12,"M","DUPONT-AIGNAN","Nicolas",0,0,0,10387,NA,NA,NA,NA,NA,NA,NA,NA,NA,NA,NA,NA,NA,NA,NA,NA,NA,NA,NA,NA,NA,NA,NA,NA,NA,NA,NA,NA,NA,NA,NA,NA,NA,NA,NA,NA,NA,NA,NA,NA,NA,NA,NA,NA
"25","10387_4",314,"10","Aube",3,"3ème circonscription",387,"Troyes",1099,272,24.75,827,75.25,8,0.73,0.97,3,0.27,0.36,816,74.25,98.67,1,FALSE,"ARTHAUD","Nathalie",3,0.27,0.37,2,"M","ROUSSEL","Fabien",10,0.91,1.23,3,"M","MACRON","Emmanuel",314,28.57,38.48,4,"M","LASSALLE","Jean",19,1.73,2.33,5,FALSE,"LE PEN","Marine",120,10.92,14.71,6,"M","ZEMMOUR","Éric",100,9.1,12.25,7,"M","MÉLENCHON","Jean-Luc",89,8.1,10.91,8,FALSE,"HIDALGO","Anne",17,1.55,2.08,9,"M","JADOT","Yannick",40,3.64,4.9,10,FALSE,"PÉCRESSE","Valérie",89,8.1,10.91,11,"M","POUTOU","Philippe",6,0.55,0.74,12,"M","DUPONT-AIGNAN","Nicolas",9,0.82,1.1,10387,NA,NA,NA,NA,NA,NA,NA,NA,NA,NA,NA,NA,NA,NA,NA,NA,NA,NA,NA,NA,NA,NA,NA,NA,NA,NA,NA,NA,NA,NA,NA,NA,NA,NA,NA,NA,NA,NA,NA,NA,NA,NA,NA,NA
"26","10387_5",293,"10","Aube",1,"1ère circonscription",387,"Troyes",1172,368,31.4,804,68.6,12,1.02,1.49,4,0.34,0.5,788,67.24,98.01,1,FALSE,"ARTHAUD","Nathalie",8,0.68,1.02,2,"M","ROUSSEL","Fabien",20,1.71,2.54,3,"M","MACRON","Emmanuel",184,15.7,23.35,4,"M","LASSALLE","Jean",9,0.77,1.14,5,FALSE,"LE PEN","Marine",171,14.59,21.7,6,"M","ZEMMOUR","Éric",80,6.83,10.15,7,"M","MÉLENCHON","Jean-Luc",176,15.02,22.34,8,FALSE,"HIDALGO","Anne",9,0.77,1.14,9,"M","JADOT","Yannick",46,3.92,5.84,10,FALSE,"PÉCRESSE","Valérie",60,5.12,7.61,11,"M","POUTOU","Philippe",10,0.85,1.27,12,"M","DUPONT-AIGNAN","Nicolas",15,1.28,1.9,10387,NA,NA,NA,NA,NA,NA,NA,NA,NA,NA,NA,NA,NA,NA,NA,NA,NA,NA,NA,NA,NA,NA,NA,NA,NA,NA,NA,NA,NA,NA,NA,NA,NA,NA,NA,NA,NA,NA,NA,NA,NA,NA,NA,NA
"27","10387_6",301,"10","Aube",2,"2ème circonscription",387,"Troyes",1241,388,31.27,853,68.73,15,1.21,1.76,7,0.56,0.82,831,66.96,97.42,1,FALSE,"ARTHAUD","Nathalie",3,0.24,0.36,2,"M","ROUSSEL","Fabien",16,1.29,1.93,3,"M","MACRON","Emmanuel",247,19.9,29.72,4,"M","LASSALLE","Jean",16,1.29,1.93,5,FALSE,"LE PEN","Marine",142,11.44,17.09,6,"M","ZEMMOUR","Éric",77,6.2,9.27,7,"M","MÉLENCHON","Jean-Luc",171,13.78,20.58,8,FALSE,"HIDALGO","Anne",18,1.45,2.17,9,"M","JADOT","Yannick",61,4.92,7.34,10,FALSE,"PÉCRESSE","Valérie",60,4.83,7.22,11,"M","POUTOU","Philippe",9,0.73,1.08,12,"M","DUPONT-AIGNAN","Nicolas",11,0.89,1.32,10387,NA,NA,NA,NA,NA,NA,NA,NA,NA,NA,NA,NA,NA,NA,NA,NA,NA,NA,NA,NA,NA,NA,NA,NA,NA,NA,NA,NA,NA,NA,NA,NA,NA,NA,NA,NA,NA,NA,NA,NA,NA,NA,NA,NA
"28","10387_7",294,"10","Aube",1,"1ère circonscription",387,"Troyes",1183,486,41.08,697,58.92,10,0.85,1.43,5,0.42,0.72,682,57.65,97.85,1,FALSE,"ARTHAUD","Nathalie",7,0.59,1.03,2,"M","ROUSSEL","Fabien",16,1.35,2.35,3,"M","MACRON","Emmanuel",154,13.02,22.58,4,"M","LASSALLE","Jean",8,0.68,1.17,5,FALSE,"LE PEN","Marine",190,16.06,27.86,6,"M","ZEMMOUR","Éric",50,4.23,7.33,7,"M","MÉLENCHON","Jean-Luc",179,15.13,26.25,8,FALSE,"HIDALGO","Anne",8,0.68,1.17,9,"M","JADOT","Yannick",21,1.78,3.08,10,FALSE,"PÉCRESSE","Valérie",26,2.2,3.81,11,"M","POUTOU","Philippe",6,0.51,0.88,12,"M","DUPONT-AIGNAN","Nicolas",17,1.44,2.49,10387,NA,NA,NA,NA,NA,NA,NA,NA,NA,NA,NA,NA,NA,NA,NA,NA,NA,NA,NA,NA,NA,NA,NA,NA,NA,NA,NA,NA,NA,NA,NA,NA,NA,NA,NA,NA,NA,NA,NA,NA,NA,NA,NA,NA
"29","10387_8",295,"10","Aube",1,"1ère circonscription",387,"Troyes",1193,454,38.06,739,61.94,8,0.67,1.08,6,0.5,0.81,725,60.77,98.11,1,FALSE,"ARTHAUD","Nathalie",7,0.59,0.97,2,"M","ROUSSEL","Fabien",14,1.17,1.93,3,"M","MACRON","Emmanuel",168,14.08,23.17,4,"M","LASSALLE","Jean",12,1.01,1.66,5,FALSE,"LE PEN","Marine",146,12.24,20.14,6,"M","ZEMMOUR","Éric",40,3.35,5.52,7,"M","MÉLENCHON","Jean-Luc",263,22.05,36.28,8,FALSE,"HIDALGO","Anne",14,1.17,1.93,9,"M","JADOT","Yannick",11,0.92,1.52,10,FALSE,"PÉCRESSE","Valérie",26,2.18,3.59,11,"M","POUTOU","Philippe",5,0.42,0.69,12,"M","DUPONT-AIGNAN","Nicolas",19,1.59,2.62,10387,NA,NA,NA,NA,NA,NA,NA,NA,NA,NA,NA,NA,NA,NA,NA,NA,NA,NA,NA,NA,NA,NA,NA,NA,NA,NA,NA,NA,NA,NA,NA,NA,NA,NA,NA,NA,NA,NA,NA,NA,NA,NA,NA,NA
"30","10387_9",296,"10","Aube",1,"1ère circonscription",387,"Troyes",943,304,32.24,639,67.76,6,0.64,0.94,5,0.53,0.78,628,66.6,98.28,1,FALSE,"ARTHAUD","Nathalie",3,0.32,0.48,2,"M","ROUSSEL","Fabien",6,0.64,0.96,3,"M","MACRON","Emmanuel",157,16.65,25,4,"M","LASSALLE","Jean",17,1.8,2.71,5,FALSE,"LE PEN","Marine",176,18.66,28.03,6,"M","ZEMMOUR","Éric",50,5.3,7.96,7,"M","MÉLENCHON","Jean-Luc",139,14.74,22.13,8,FALSE,"HIDALGO","Anne",9,0.95,1.43,9,"M","JADOT","Yannick",20,2.12,3.18,10,FALSE,"PÉCRESSE","Valérie",30,3.18,4.78,11,"M","POUTOU","Philippe",4,0.42,0.64,12,"M","DUPONT-AIGNAN","Nicolas",17,1.8,2.71,10387,NA,NA,NA,NA,NA,NA,NA,NA,NA,NA,NA,NA,NA,NA,NA,NA,NA,NA,NA,NA,NA,NA,NA,NA,NA,NA,NA,NA,NA,NA,NA,NA,NA,NA,NA,NA,NA,NA,NA,NA,NA,NA,NA,NA
